title,price,link
"Lenovo IdeaPad Slim 3 12th Gen Intel Core i5-12450H 14"" (35.5cm) FHD 250 Nits Thin & Light Laptop (16GB/512GB SSD/Intel UHD Graphics/Win 11/MSO 21/1Yr ADP Free/3 mon.Game Pass/Grey/1.37Kg),83EQ005VIN  ","53,890",https://amazon.in//sspa/click?ie=UTF8&spc=MTo1MTcxOTA1MDI2ODUzNzI2OjE3MjcxODM1ODM6c3BfYXRmOjMwMDI4NDc3NzI2NjgzMjo6MDo6&url=%2FLenovo-IdeaPad-i5-12450H-35-5cm-83EQ005VIN%2Fdp%2FB0D6MPVN7B%2Fref%3Dsr_1_1_sspa%3Fcrid%3DPM7POFW3ZNPI%26dib%3DeyJ2IjoiMSJ9.9_DYRQ4JIiUfuVtg49iGBA7sI-H1D611a7veVphpElwTDvpQa-eanKszL4_I-ERUnbamKmxhnGg2r6FnPwjh8H5Oae11Hd0gJ80kB4NPRutxtG7Q5GH-m3aO29hCzpWh87VCjLq_Fx4R3N2AZ8v1Zs1cxtYuLbdhQByk7yziPjFJPNQvs78Tb_zFkcjuNTbySBXV0PPXjgqe-rnFKYZVsfvcglkPRRSxeEUy37fSHS8.vb7DmaIIcM7dL7vE_cQIwuuRVVYGQECn7_xORN1pTbQ%26dib_tag%3Dse%26keywords%3Dlaptop%26qid%3D1727183583%26sprefix%3Dla%252Caps%252C628%26sr%3D8-1-spons%26sp_csd%3Dd2lkZ2V0TmFtZT1zcF9hdGY%26psc%3D1
"HONOR MagicBook X16 Pro 2024, 13th Gen Intel Core i5-13420H (16GB/512GB NVMe SSD, 16-inch (40.64 cm) FHD IPS Anti-Glare Thin and Light Laptop/Windows 11/Backlit Keyboard/Fingerprint/1.75Kg), Gray  ","53,990",https://amazon.in//sspa/click?ie=UTF8&spc=MTo1MTcxOTA1MDI2ODUzNzI2OjE3MjcxODM1ODM6c3BfYXRmOjMwMDE2OTc3NTIyMjkzMjo6MDo6&url=%2FMagicBook-i5-13420H-Anti-Glare-Keyboard-Fingerprint%2Fdp%2FB0CXLWXYB1%2Fref%3Dsr_1_2_sspa%3Fcrid%3DPM7POFW3ZNPI%26dib%3DeyJ2IjoiMSJ9.9_DYRQ4JIiUfuVtg49iGBA7sI-H1D611a7veVphpElwTDvpQa-eanKszL4_I-ERUnbamKmxhnGg2r6FnPwjh8H5Oae11Hd0gJ80kB4NPRutxtG7Q5GH-m3aO29hCzpWh87VCjLq_Fx4R3N2AZ8v1Zs1cxtYuLbdhQByk7yziPjFJPNQvs78Tb_zFkcjuNTbySBXV0PPXjgqe-rnFKYZVsfvcglkPRRSxeEUy37fSHS8.vb7DmaIIcM7dL7vE_cQIwuuRVVYGQECn7_xORN1pTbQ%26dib_tag%3Dse%26keywords%3Dlaptop%26qid%3D1727183583%26sprefix%3Dla%252Caps%252C628%26sr%3D8-2-spons%26sp_csd%3Dd2lkZ2V0TmFtZT1zcF9hdGY%26psc%3D1
"Chuwi HeroBook Pro 14.1'' Intel Celeron N4020 Laptop with 8GB RAM, 256GB SSD, Windows 11, 1TB Expand, FHD IPS, Ultra Slim, USB3.0, Mini-HDMI, Webcam  ","15,990",https://amazon.in//Chuwi-HeroBook-Pro-Celeron-Mini-HDMI/dp/B0D9RXH8X5/ref=sr_1_6?crid=PM7POFW3ZNPI&dib=eyJ2IjoiMSJ9.9_DYRQ4JIiUfuVtg49iGBA7sI-H1D611a7veVphpElwTDvpQa-eanKszL4_I-ERUnbamKmxhnGg2r6FnPwjh8H5Oae11Hd0gJ80kB4NPRutxtG7Q5GH-m3aO29hCzpWh87VCjLq_Fx4R3N2AZ8v1Zs1cxtYuLbdhQByk7yziPjFJPNQvs78Tb_zFkcjuNTbySBXV0PPXjgqe-rnFKYZVsfvcglkPRRSxeEUy37fSHS8.vb7DmaIIcM7dL7vE_cQIwuuRVVYGQECn7_xORN1pTbQ&dib_tag=se&keywords=laptop&qid=1727183583&sprefix=la%2Caps%2C628&sr=8-6
"Lenovo V15 AMD Ryzen 7 7730U 15.6"" (39.62cm) FHD 250 Nits Antiglare Thin and Light Laptop (16GB/512GB SSD/DOS/Iron Grey/1.65 Kg)  ","40,500",https://amazon.in//Lenovo-Ryzen-39-62cm-Antiglare-Laptop/dp/B0D39BVJ7Y/ref=sr_1_64?crid=PM7POFW3ZNPI&dib=eyJ2IjoiMSJ9.I9OCwdLhIoeXyNL2KgqasNKl_MRpptKwoCGPkIeUwKdSG-H1EJ2f5W4FpuRdM5e3_ayijZLYebMeCbkhefzn3eA1TMnoNJo90n8pTkb7kBPnnw1Fo2SPEuDQ4J6fNu54p9PBhnUtoySuiQEVp8rkUdTlS10xNf9RInmqx64eGq7kBB7QnKvFBp2r-u3njxbJj-VdKa_CkJpJcnjL2pkAlBUCEgzkRMX4yJ-dS6bzXS0.2aya8xtjdumZNrwm5gZO3Ap01Hgi9XLfcPUrsf5rj7U&dib_tag=se&keywords=laptop&qid=1727183596&sprefix=la%2Caps%2C628&sr=8-64
"Lenovo IdeaPad 1 Intel Core Celeron N4020 15"" HD Thin and Light Laptop (8GB/512GB SDD/Windows 11 Home/Office 2021/1Yr Warranty/Cloud Grey/1.3Kg), 82V700ECIN  ","24,990",https://amazon.in//Lenovo-IdeaPad-Celeron-Warranty-82V700ECIN/dp/B0CWRS3XRB/ref=sr_1_65?crid=PM7POFW3ZNPI&dib=eyJ2IjoiMSJ9.I9OCwdLhIoeXyNL2KgqasNKl_MRpptKwoCGPkIeUwKdSG-H1EJ2f5W4FpuRdM5e3_ayijZLYebMeCbkhefzn3eA1TMnoNJo90n8pTkb7kBPnnw1Fo2SPEuDQ4J6fNu54p9PBhnUtoySuiQEVp8rkUdTlS10xNf9RInmqx64eGq7kBB7QnKvFBp2r-u3njxbJj-VdKa_CkJpJcnjL2pkAlBUCEgzkRMX4yJ-dS6bzXS0.2aya8xtjdumZNrwm5gZO3Ap01Hgi9XLfcPUrsf5rj7U&dib_tag=se&keywords=laptop&qid=1727183596&sprefix=la%2Caps%2C628&sr=8-65
"Lenovo V15 Portable Laptop, 15.6"" FHD Anti-Glare Display, Business and Everyday Use, Intel Dual Core Processor, 8GB RAM, 256GB SSD, Webcam, HDMI, Wi-Fi, Windows 11 Home, Black  ","24,990",https://amazon.in//Lenovo-V15-Portable-Anti-Glare-Processor/dp/B0D79DNSLW/ref=sr_1_66?crid=PM7POFW3ZNPI&dib=eyJ2IjoiMSJ9.I9OCwdLhIoeXyNL2KgqasNKl_MRpptKwoCGPkIeUwKdSG-H1EJ2f5W4FpuRdM5e3_ayijZLYebMeCbkhefzn3eA1TMnoNJo90n8pTkb7kBPnnw1Fo2SPEuDQ4J6fNu54p9PBhnUtoySuiQEVp8rkUdTlS10xNf9RInmqx64eGq7kBB7QnKvFBp2r-u3njxbJj-VdKa_CkJpJcnjL2pkAlBUCEgzkRMX4yJ-dS6bzXS0.2aya8xtjdumZNrwm5gZO3Ap01Hgi9XLfcPUrsf5rj7U&dib_tag=se&keywords=laptop&qid=1727183596&sprefix=la%2Caps%2C628&sr=8-66
"Acer [Smartchoice] Aspire Lite AMD Ryzen 3 5300U Premium Thin and Light Laptop (Windows 11 Home/8 GB RAM/512 GB SSD) AL15-41 with 39.62 cm (15.6"") Full HD Display, Metal Body, Steel Gray, 1.6 KG  ","28,990",https://amazon.in//Acer-Smartchoice-Premium-Windows-AL15-41/dp/B0CWTSF1TK/ref=sr_1_67?crid=PM7POFW3ZNPI&dib=eyJ2IjoiMSJ9.I9OCwdLhIoeXyNL2KgqasNKl_MRpptKwoCGPkIeUwKdSG-H1EJ2f5W4FpuRdM5e3_ayijZLYebMeCbkhefzn3eA1TMnoNJo90n8pTkb7kBPnnw1Fo2SPEuDQ4J6fNu54p9PBhnUtoySuiQEVp8rkUdTlS10xNf9RInmqx64eGq7kBB7QnKvFBp2r-u3njxbJj-VdKa_CkJpJcnjL2pkAlBUCEgzkRMX4yJ-dS6bzXS0.2aya8xtjdumZNrwm5gZO3Ap01Hgi9XLfcPUrsf5rj7U&dib_tag=se&keywords=laptop&qid=1727183596&sprefix=la%2Caps%2C628&sr=8-67
"Acer One 14 AMD Ryzen 3 3250U Processor (8GB RAM/512GB SSD/AMD Radeon Graphics/Windows 11 Home) Thin and Light Laptop Z2-493 with 35.56 cm (14.0"") HD Display  ","24,990",https://amazon.in//Acer-Processor-Graphics-Windows-Z2-493/dp/B0C3R5VWP3/ref=sr_1_68?crid=PM7POFW3ZNPI&dib=eyJ2IjoiMSJ9.I9OCwdLhIoeXyNL2KgqasNKl_MRpptKwoCGPkIeUwKdSG-H1EJ2f5W4FpuRdM5e3_ayijZLYebMeCbkhefzn3eA1TMnoNJo90n8pTkb7kBPnnw1Fo2SPEuDQ4J6fNu54p9PBhnUtoySuiQEVp8rkUdTlS10xNf9RInmqx64eGq7kBB7QnKvFBp2r-u3njxbJj-VdKa_CkJpJcnjL2pkAlBUCEgzkRMX4yJ-dS6bzXS0.2aya8xtjdumZNrwm5gZO3Ap01Hgi9XLfcPUrsf5rj7U&dib_tag=se&keywords=laptop&qid=1727183596&sprefix=la%2Caps%2C628&sr=8-68
"ZEBRONICS PRO Series Z NBC 5S, Intel Core 12th Gen i7 Processor 16GB RAM & 512GB SSD Laptop, 15.6 Inch (39.6CM), IPS 180Â° Display, Dolby Atmos, 38.5Wh Large Battery, Windows 11, Space Grey, 1.76 Kg  ","37,990",https://amazon.in//sspa/click?ie=UTF8&spc=MTo1NTQ1OTU5NTA5MDQzMTI3OjE3MjcxODM1OTY6c3BfYnRmOjMwMDA2NzQxMDg4MTQzMjo6MDo6&url=%2FZEBRONICS-Laptop-3200MHz-Windows-Fingerprint%2Fdp%2FB0CJ74Y6H6%2Fref%3Dsr_1_69_sspa%3Fcrid%3DPM7POFW3ZNPI%26dib%3DeyJ2IjoiMSJ9.I9OCwdLhIoeXyNL2KgqasNKl_MRpptKwoCGPkIeUwKdSG-H1EJ2f5W4FpuRdM5e3_ayijZLYebMeCbkhefzn3eA1TMnoNJo90n8pTkb7kBPnnw1Fo2SPEuDQ4J6fNu54p9PBhnUtoySuiQEVp8rkUdTlS10xNf9RInmqx64eGq7kBB7QnKvFBp2r-u3njxbJj-VdKa_CkJpJcnjL2pkAlBUCEgzkRMX4yJ-dS6bzXS0.2aya8xtjdumZNrwm5gZO3Ap01Hgi9XLfcPUrsf5rj7U%26dib_tag%3Dse%26keywords%3Dlaptop%26qid%3D1727183596%26sprefix%3Dla%252Caps%252C628%26sr%3D8-69-spons%26sp_csd%3Dd2lkZ2V0TmFtZT1zcF9idGY%26psc%3D1
"Lenovo IdeaPad Slim 1 AMD Ryzen 5 5500U 15.6"" HD Thin and Light Laptop (16GB/512GB SSD/Integrated AMD Graphics/Windows 11 Home/MSO 21/1Yr ADP Free/Cloud Grey/1.61Kg), 82R400ERIN  ","39,990",https://amazon.in//sspa/click?ie=UTF8&spc=MTo1NTQ1OTU5NTA5MDQzMTI3OjE3MjcxODM1OTY6c3BfYnRmOjMwMDEwNDYwMzQ5NzQzMjo6MDo6&url=%2FLenovo-IdeaPad-Laptop-Windows-82R400ERIN%2Fdp%2FB0CP2KRYLM%2Fref%3Dsr_1_70_sspa%3Fcrid%3DPM7POFW3ZNPI%26dib%3DeyJ2IjoiMSJ9.I9OCwdLhIoeXyNL2KgqasNKl_MRpptKwoCGPkIeUwKdSG-H1EJ2f5W4FpuRdM5e3_ayijZLYebMeCbkhefzn3eA1TMnoNJo90n8pTkb7kBPnnw1Fo2SPEuDQ4J6fNu54p9PBhnUtoySuiQEVp8rkUdTlS10xNf9RInmqx64eGq7kBB7QnKvFBp2r-u3njxbJj-VdKa_CkJpJcnjL2pkAlBUCEgzkRMX4yJ-dS6bzXS0.2aya8xtjdumZNrwm5gZO3Ap01Hgi9XLfcPUrsf5rj7U%26dib_tag%3Dse%26keywords%3Dlaptop%26qid%3D1727183596%26sprefix%3Dla%252Caps%252C628%26sr%3D8-70-spons%26sp_csd%3Dd2lkZ2V0TmFtZT1zcF9idGY%26psc%3D1
"Acer Aspire Lite 12th Gen Intel Core i5-12450H Thin and Light Laptop(Win11Home/16GB RAM/512GB SSD/Intel UHD Graphics/MSO)AL15-52H, 39.62cm(15.6"") FHD IPS Display, Backlit Keyboard, Pure Silver, 1.7KG  ","41,990",https://amazon.in//Acer-i5-12450H-Win11Home-Graphics-AL15-52H/dp/B0DDL495SX/ref=sr_1_7?crid=PM7POFW3ZNPI&dib=eyJ2IjoiMSJ9.9_DYRQ4JIiUfuVtg49iGBA7sI-H1D611a7veVphpElwTDvpQa-eanKszL4_I-ERUnbamKmxhnGg2r6FnPwjh8H5Oae11Hd0gJ80kB4NPRutxtG7Q5GH-m3aO29hCzpWh87VCjLq_Fx4R3N2AZ8v1Zs1cxtYuLbdhQByk7yziPjFJPNQvs78Tb_zFkcjuNTbySBXV0PPXjgqe-rnFKYZVsfvcglkPRRSxeEUy37fSHS8.vb7DmaIIcM7dL7vE_cQIwuuRVVYGQECn7_xORN1pTbQ&dib_tag=se&keywords=laptop&qid=1727183583&sprefix=la%2Caps%2C628&sr=8-7
"HP Laptop 15s, AMD Ryzen 3 5300U, 15.6-inch (39.6 cm), FHD, 8GB DDR4, 512GB SSD, AMD Radeon Graphics, Thin & Light, Dual Speakers (Win 11, MSO 2019, Silver, 1.69 kg), eq2143AU  ","32,490",https://amazon.in//HP-15-6inch-Micro-Edge-Anti-Glare-15s-Eq2143au/dp/B09R1MMMTH/ref=sr_1_8?crid=PM7POFW3ZNPI&dib=eyJ2IjoiMSJ9.9_DYRQ4JIiUfuVtg49iGBA7sI-H1D611a7veVphpElwTDvpQa-eanKszL4_I-ERUnbamKmxhnGg2r6FnPwjh8H5Oae11Hd0gJ80kB4NPRutxtG7Q5GH-m3aO29hCzpWh87VCjLq_Fx4R3N2AZ8v1Zs1cxtYuLbdhQByk7yziPjFJPNQvs78Tb_zFkcjuNTbySBXV0PPXjgqe-rnFKYZVsfvcglkPRRSxeEUy37fSHS8.vb7DmaIIcM7dL7vE_cQIwuuRVVYGQECn7_xORN1pTbQ&dib_tag=se&keywords=laptop&qid=1727183583&sprefix=la%2Caps%2C628&sr=8-8
"(Refurbished) Lenovo ThinkPad 8th Gen Intel Core i5 Thin & Light HD Laptop (8 GB DDR4 RAM/256 GB SSD/14"" (35.6 cm) HD/Windows 11/MS Office/WiFi/Webcam/Intel Graphics)  ","16,392",https://amazon.in//Refurbished-Lenovo-ThinkPad-Windows-Graphics/dp/B0CR49QPM9/ref=sr_1_9?crid=PM7POFW3ZNPI&dib=eyJ2IjoiMSJ9.9_DYRQ4JIiUfuVtg49iGBA7sI-H1D611a7veVphpElwTDvpQa-eanKszL4_I-ERUnbamKmxhnGg2r6FnPwjh8H5Oae11Hd0gJ80kB4NPRutxtG7Q5GH-m3aO29hCzpWh87VCjLq_Fx4R3N2AZ8v1Zs1cxtYuLbdhQByk7yziPjFJPNQvs78Tb_zFkcjuNTbySBXV0PPXjgqe-rnFKYZVsfvcglkPRRSxeEUy37fSHS8.vb7DmaIIcM7dL7vE_cQIwuuRVVYGQECn7_xORN1pTbQ&dib_tag=se&keywords=laptop&qid=1727183583&sprefix=la%2Caps%2C628&sr=8-9
"Lenovo V15 G2 15.6"" FHD Anti-Glare Business Laptop, Intel Celeron N4500, 8GB RAM, 256 SSD, Intel UHD Graphics, HD Camera, HD Audio, Wi-Fi, Bluetooth, Windows 11, Black,  ","22,990",https://amazon.in//Lenovo-V15-G2-Anti-Glare-Bluetooth/dp/B0CVTJSWV1/ref=sr_1_10?crid=PM7POFW3ZNPI&dib=eyJ2IjoiMSJ9.9_DYRQ4JIiUfuVtg49iGBA7sI-H1D611a7veVphpElwTDvpQa-eanKszL4_I-ERUnbamKmxhnGg2r6FnPwjh8H5Oae11Hd0gJ80kB4NPRutxtG7Q5GH-m3aO29hCzpWh87VCjLq_Fx4R3N2AZ8v1Zs1cxtYuLbdhQByk7yziPjFJPNQvs78Tb_zFkcjuNTbySBXV0PPXjgqe-rnFKYZVsfvcglkPRRSxeEUy37fSHS8.vb7DmaIIcM7dL7vE_cQIwuuRVVYGQECn7_xORN1pTbQ&dib_tag=se&keywords=laptop&qid=1727183583&sprefix=la%2Caps%2C628&sr=8-10
"Lenovo ThinkPad E14 Intel Core i5 13th Gen 14"" WUXGA IPS 300 Nits Thin and Light Laptop (16GB RAM/512GB SSD/Windows 11 Home/Office 2021/Backlit Keyboard/FPR/Black/1.41 kg), 21JKS0UA00  ","69,350",https://amazon.in//sspa/click?ie=UTF8&spc=MTo1MTcxOTA1MDI2ODUzNzI2OjE3MjcxODM1ODM6c3BfbXRmOjMwMDE0ODEwMDgyOTMzMjo6MDo6&url=%2FLenovo-ThinkPad-E14-Keyboard-21JKS0UA00%2Fdp%2FB0CSYS3TPS%2Fref%3Dsr_1_11_sspa%3Fcrid%3DPM7POFW3ZNPI%26dib%3DeyJ2IjoiMSJ9.9_DYRQ4JIiUfuVtg49iGBA7sI-H1D611a7veVphpElwTDvpQa-eanKszL4_I-ERUnbamKmxhnGg2r6FnPwjh8H5Oae11Hd0gJ80kB4NPRutxtG7Q5GH-m3aO29hCzpWh87VCjLq_Fx4R3N2AZ8v1Zs1cxtYuLbdhQByk7yziPjFJPNQvs78Tb_zFkcjuNTbySBXV0PPXjgqe-rnFKYZVsfvcglkPRRSxeEUy37fSHS8.vb7DmaIIcM7dL7vE_cQIwuuRVVYGQECn7_xORN1pTbQ%26dib_tag%3Dse%26keywords%3Dlaptop%26qid%3D1727183583%26sprefix%3Dla%252Caps%252C628%26sr%3D8-11-spons%26sp_csd%3Dd2lkZ2V0TmFtZT1zcF9tdGY%26psc%3D1
"ASUS Vivobook 16 (2023)Thin & Light Laptop,Intel Core i9-13900H 13th Gen, 16"" (40.64 cm) FHD+(16GB RAM/512GB SSD/Intel Iris Xe/Win 11/Office 2021/Backlit KB/Fingerprint/Black/1.88 kg) X1605VA-MB947WS  ","84,990",https://amazon.in//sspa/click?ie=UTF8&spc=MTo1MTcxOTA1MDI2ODUzNzI2OjE3MjcxODM1ODM6c3BfbXRmOjMwMDE2Njk0MTUwNTgzMjo6MDo6&url=%2FASUS-Vivobook-i9-13900H-Fingerprint-X1605VA-MB947WS%2Fdp%2FB0CHMZRC89%2Fref%3Dsr_1_12_sspa%3Fcrid%3DPM7POFW3ZNPI%26dib%3DeyJ2IjoiMSJ9.9_DYRQ4JIiUfuVtg49iGBA7sI-H1D611a7veVphpElwTDvpQa-eanKszL4_I-ERUnbamKmxhnGg2r6FnPwjh8H5Oae11Hd0gJ80kB4NPRutxtG7Q5GH-m3aO29hCzpWh87VCjLq_Fx4R3N2AZ8v1Zs1cxtYuLbdhQByk7yziPjFJPNQvs78Tb_zFkcjuNTbySBXV0PPXjgqe-rnFKYZVsfvcglkPRRSxeEUy37fSHS8.vb7DmaIIcM7dL7vE_cQIwuuRVVYGQECn7_xORN1pTbQ%26dib_tag%3Dse%26keywords%3Dlaptop%26qid%3D1727183583%26sprefix%3Dla%252Caps%252C628%26sr%3D8-12-spons%26sp_csd%3Dd2lkZ2V0TmFtZT1zcF9tdGY%26psc%3D1
"ASUS Vivobook 15, Intel Celeron N4020, 15.6"" (39.62 cms) HD, Thin and Light Laptop (8GB/512GB SSD/Integrated Graphics/Windows 11/Office 2021/Silver/1.8 kg), X515MA-BR022WS  ","24,990",https://amazon.in//ASUS-SmartChoice-Integrated-Fingerprint-X515MA-BR024WS/dp/B0C1GM4C6V/ref=sr_1_13?crid=PM7POFW3ZNPI&dib=eyJ2IjoiMSJ9.9_DYRQ4JIiUfuVtg49iGBA7sI-H1D611a7veVphpElwTDvpQa-eanKszL4_I-ERUnbamKmxhnGg2r6FnPwjh8H5Oae11Hd0gJ80kB4NPRutxtG7Q5GH-m3aO29hCzpWh87VCjLq_Fx4R3N2AZ8v1Zs1cxtYuLbdhQByk7yziPjFJPNQvs78Tb_zFkcjuNTbySBXV0PPXjgqe-rnFKYZVsfvcglkPRRSxeEUy37fSHS8.vb7DmaIIcM7dL7vE_cQIwuuRVVYGQECn7_xORN1pTbQ&dib_tag=se&keywords=laptop&qid=1727183583&sprefix=la%2Caps%2C628&sr=8-13
"Acer Aspire 3 Laptop Intel Core Celeron N4500 Processor Laptop (8 GB LPDDR4X SDRAM/512 GB SSD/Win11 Home/38 WHR/HD Webcam) A325-45 with 39.63 cm (15.6"") HD Display, Pure Silver, 1.5 KG  ","21,719",https://amazon.in//Acer-Celeron-Processor-LPDDR4X-A325-45/dp/B0D7PYTTGH/ref=sr_1_14?crid=PM7POFW3ZNPI&dib=eyJ2IjoiMSJ9.9_DYRQ4JIiUfuVtg49iGBA7sI-H1D611a7veVphpElwTDvpQa-eanKszL4_I-ERUnbamKmxhnGg2r6FnPwjh8H5Oae11Hd0gJ80kB4NPRutxtG7Q5GH-m3aO29hCzpWh87VCjLq_Fx4R3N2AZ8v1Zs1cxtYuLbdhQByk7yziPjFJPNQvs78Tb_zFkcjuNTbySBXV0PPXjgqe-rnFKYZVsfvcglkPRRSxeEUy37fSHS8.vb7DmaIIcM7dL7vE_cQIwuuRVVYGQECn7_xORN1pTbQ&dib_tag=se&keywords=laptop&qid=1727183583&sprefix=la%2Caps%2C628&sr=8-14
"Acer Aspire Lite 12th Gen Intel Core i3-1215U Thin and Light Metal Laptop (Windows 11 Home/8GB RAM/512GB SSD/Intel UHD Graphics/MSO) AL15-52, 39.62cm (15.6"") Full HD Display, Steel Gray, 1.59 KG  ","30,990",https://amazon.in//Acer-i3-1215U-Windows-Graphics-AL15-52/dp/B0CY1Z82QW/ref=sr_1_15?crid=PM7POFW3ZNPI&dib=eyJ2IjoiMSJ9.9_DYRQ4JIiUfuVtg49iGBA7sI-H1D611a7veVphpElwTDvpQa-eanKszL4_I-ERUnbamKmxhnGg2r6FnPwjh8H5Oae11Hd0gJ80kB4NPRutxtG7Q5GH-m3aO29hCzpWh87VCjLq_Fx4R3N2AZ8v1Zs1cxtYuLbdhQByk7yziPjFJPNQvs78Tb_zFkcjuNTbySBXV0PPXjgqe-rnFKYZVsfvcglkPRRSxeEUy37fSHS8.vb7DmaIIcM7dL7vE_cQIwuuRVVYGQECn7_xORN1pTbQ&dib_tag=se&keywords=laptop&qid=1727183583&sprefix=la%2Caps%2C628&sr=8-15
"(Refurbished) Lenovo ThinkPad 6th Gen Intel Core i5 Thin & Light HD Laptop (16GB RAM / 512GB SSD /14"" (35.6 cm) HD/Windows 11/MS Office/WiFi/Webcam/Intel Graphics), Black  ","15,430",https://amazon.in//Refurbished-Lenovo-ThinkPad-Windows-Graphics/dp/B0CR496TBN/ref=sr_1_3?crid=PM7POFW3ZNPI&dib=eyJ2IjoiMSJ9.9_DYRQ4JIiUfuVtg49iGBA7sI-H1D611a7veVphpElwTDvpQa-eanKszL4_I-ERUnbamKmxhnGg2r6FnPwjh8H5Oae11Hd0gJ80kB4NPRutxtG7Q5GH-m3aO29hCzpWh87VCjLq_Fx4R3N2AZ8v1Zs1cxtYuLbdhQByk7yziPjFJPNQvs78Tb_zFkcjuNTbySBXV0PPXjgqe-rnFKYZVsfvcglkPRRSxeEUy37fSHS8.vb7DmaIIcM7dL7vE_cQIwuuRVVYGQECn7_xORN1pTbQ&dib_tag=se&keywords=laptop&qid=1727183583&sprefix=la%2Caps%2C628&sr=8-3
"Apple MacBook Air Laptop M1 chip, 13.3-inch/33.74 cm Retina Display, 8GB RAM, 256GB SSD Storage, Backlit Keyboard, FaceTime HD Camera, Touch ID. Works with iPhone/iPad; Space Grey  ","62,990",https://amazon.in//Apple-MacBook-Chip-13-inch-256GB/dp/B08N5W4NNB/ref=sr_1_16?crid=PM7POFW3ZNPI&dib=eyJ2IjoiMSJ9.9_DYRQ4JIiUfuVtg49iGBA7sI-H1D611a7veVphpElwTDvpQa-eanKszL4_I-ERUnbamKmxhnGg2r6FnPwjh8H5Oae11Hd0gJ80kB4NPRutxtG7Q5GH-m3aO29hCzpWh87VCjLq_Fx4R3N2AZ8v1Zs1cxtYuLbdhQByk7yziPjFJPNQvs78Tb_zFkcjuNTbySBXV0PPXjgqe-rnFKYZVsfvcglkPRRSxeEUy37fSHS8.vb7DmaIIcM7dL7vE_cQIwuuRVVYGQECn7_xORN1pTbQ&dib_tag=se&keywords=laptop&qid=1727183583&sprefix=la%2Caps%2C628&sr=8-16
"Acer Aspire 3 Laptop Intel Core Celeron N4500 Processor Laptop (8 GB LPDDR4X SDRAM/256 GB SSD/Win11 Home/38 WHR/HD Webcam) A325-45 with 39.63 cm (15.6"") HD Display, Pure Silver, 1.5 KG  ","20,990",https://amazon.in//Acer-Celeron-Processor-LPDDR4X-A325-45/dp/B0D7PTFFZH/ref=sr_1_17?crid=PM7POFW3ZNPI&dib=eyJ2IjoiMSJ9.9_DYRQ4JIiUfuVtg49iGBA7sI-H1D611a7veVphpElwTDvpQa-eanKszL4_I-ERUnbamKmxhnGg2r6FnPwjh8H5Oae11Hd0gJ80kB4NPRutxtG7Q5GH-m3aO29hCzpWh87VCjLq_Fx4R3N2AZ8v1Zs1cxtYuLbdhQByk7yziPjFJPNQvs78Tb_zFkcjuNTbySBXV0PPXjgqe-rnFKYZVsfvcglkPRRSxeEUy37fSHS8.vb7DmaIIcM7dL7vE_cQIwuuRVVYGQECn7_xORN1pTbQ&dib_tag=se&keywords=laptop&qid=1727183583&sprefix=la%2Caps%2C628&sr=8-17
"ASUS Vivobook 15, Intel Core i5-12500H 12th Gen, 15.6"" (39.62 cm) FHD, Thin and Light Laptop (16GB RAM/512GB/Win11/Office 2021/Silver/1.7 kg), X1502ZA-EJ542WS  ","47,990",https://amazon.in//ASUS-Vivobook-i5-12500H-Laptop-X1502ZA-EJ542WS/dp/B0C5Y3JBC4/ref=sr_1_18?crid=PM7POFW3ZNPI&dib=eyJ2IjoiMSJ9.9_DYRQ4JIiUfuVtg49iGBA7sI-H1D611a7veVphpElwTDvpQa-eanKszL4_I-ERUnbamKmxhnGg2r6FnPwjh8H5Oae11Hd0gJ80kB4NPRutxtG7Q5GH-m3aO29hCzpWh87VCjLq_Fx4R3N2AZ8v1Zs1cxtYuLbdhQByk7yziPjFJPNQvs78Tb_zFkcjuNTbySBXV0PPXjgqe-rnFKYZVsfvcglkPRRSxeEUy37fSHS8.vb7DmaIIcM7dL7vE_cQIwuuRVVYGQECn7_xORN1pTbQ&dib_tag=se&keywords=laptop&qid=1727183583&sprefix=la%2Caps%2C628&sr=8-18
"ASUS Vivobook 14 Thin and Light Laptop, IntelCore i3-1215U 12th Gen, 14"" (35.56 cm) FHD, (8 GB RAM/512GB SSD/Win11/Office 2021/Fingerprint/42WHr /Blue/1.40 kg), X1404ZA-NK321WS  ","34,990",https://amazon.in//ASUS-Vivobook-IntelCore-Fingerprint-X1404ZA-NK321WS/dp/B0CCP9PH92/ref=sr_1_19?crid=PM7POFW3ZNPI&dib=eyJ2IjoiMSJ9.9_DYRQ4JIiUfuVtg49iGBA7sI-H1D611a7veVphpElwTDvpQa-eanKszL4_I-ERUnbamKmxhnGg2r6FnPwjh8H5Oae11Hd0gJ80kB4NPRutxtG7Q5GH-m3aO29hCzpWh87VCjLq_Fx4R3N2AZ8v1Zs1cxtYuLbdhQByk7yziPjFJPNQvs78Tb_zFkcjuNTbySBXV0PPXjgqe-rnFKYZVsfvcglkPRRSxeEUy37fSHS8.vb7DmaIIcM7dL7vE_cQIwuuRVVYGQECn7_xORN1pTbQ&dib_tag=se&keywords=laptop&qid=1727183583&sprefix=la%2Caps%2C628&sr=8-19
"Lenovo IdeaPad Slim 3 13th Gen Intel Core i7-13620H 15"" (38.1cm) FHD IPS 300 Nits Thin & Light Laptop (16GB/512GB SSD/Intel UHD Graphics/Win 11/MSO 21/1Yr ADP Free/Alexa/Grey/1.6Kg), 83EM008GIN  ","64,990",https://amazon.in//Lenovo-IdeaPad-i7-13620H-38-1cm-83EM008GIN/dp/B0D6NCVQZQ/ref=sr_1_20?crid=PM7POFW3ZNPI&dib=eyJ2IjoiMSJ9.9_DYRQ4JIiUfuVtg49iGBA7sI-H1D611a7veVphpElwTDvpQa-eanKszL4_I-ERUnbamKmxhnGg2r6FnPwjh8H5Oae11Hd0gJ80kB4NPRutxtG7Q5GH-m3aO29hCzpWh87VCjLq_Fx4R3N2AZ8v1Zs1cxtYuLbdhQByk7yziPjFJPNQvs78Tb_zFkcjuNTbySBXV0PPXjgqe-rnFKYZVsfvcglkPRRSxeEUy37fSHS8.vb7DmaIIcM7dL7vE_cQIwuuRVVYGQECn7_xORN1pTbQ&dib_tag=se&keywords=laptop&qid=1727183583&sprefix=la%2Caps%2C628&sr=8-20
"Acer Aspire Lite AMD Ryzen 7-5700U Processor Premium Laptop (16GB RAM/1TB SSD/Win11 Home/AMD Radeon Graphics) AL15-41, 39.62cm (15.6"") Full HD Display, Multi Color Backlit Keyboard, Steel Gray, 1.59KG  ","45,490",https://amazon.in//sspa/click?ie=UTF8&spc=MTo1MTcxOTA1MDI2ODUzNzI2OjE3MjcxODM1ODM6c3BfYnRmOjMwMDI0NzY1NjE2NDYzMjo6MDo6&url=%2FAcer-Processor-Graphics-AL15-41-Keyboard%2Fdp%2FB0D4ZB6GH2%2Fref%3Dsr_1_21_sspa%3Fcrid%3DPM7POFW3ZNPI%26dib%3DeyJ2IjoiMSJ9.9_DYRQ4JIiUfuVtg49iGBA7sI-H1D611a7veVphpElwTDvpQa-eanKszL4_I-ERUnbamKmxhnGg2r6FnPwjh8H5Oae11Hd0gJ80kB4NPRutxtG7Q5GH-m3aO29hCzpWh87VCjLq_Fx4R3N2AZ8v1Zs1cxtYuLbdhQByk7yziPjFJPNQvs78Tb_zFkcjuNTbySBXV0PPXjgqe-rnFKYZVsfvcglkPRRSxeEUy37fSHS8.vb7DmaIIcM7dL7vE_cQIwuuRVVYGQECn7_xORN1pTbQ%26dib_tag%3Dse%26keywords%3Dlaptop%26qid%3D1727183583%26sprefix%3Dla%252Caps%252C628%26sr%3D8-21-spons%26sp_csd%3Dd2lkZ2V0TmFtZT1zcF9idGY%26psc%3D1
"HP Laptop 15, Intel Core Ultra 5 125H, Enhanced by AI, 15.6-inch (39.6 cm), FHD, 16GB DDR5, 512GB SSD, Intel Graphics, FPR, 1080p FHD Camera, Backlit KB (Win 11, Silver, 1.65 kg), fd1099TU  ","70,490",https://amazon.in//sspa/click?ie=UTF8&spc=MTo1MTcxOTA1MDI2ODUzNzI2OjE3MjcxODM1ODM6c3BfYnRmOjMwMDM0MjQ3NzY5ODAzMjo6MDo6&url=%2FHP-Enhanced-15-6-inch-Graphics-fd1099TU%2Fdp%2FB0D262YX9D%2Fref%3Dsr_1_22_sspa%3Fcrid%3DPM7POFW3ZNPI%26dib%3DeyJ2IjoiMSJ9.9_DYRQ4JIiUfuVtg49iGBA7sI-H1D611a7veVphpElwTDvpQa-eanKszL4_I-ERUnbamKmxhnGg2r6FnPwjh8H5Oae11Hd0gJ80kB4NPRutxtG7Q5GH-m3aO29hCzpWh87VCjLq_Fx4R3N2AZ8v1Zs1cxtYuLbdhQByk7yziPjFJPNQvs78Tb_zFkcjuNTbySBXV0PPXjgqe-rnFKYZVsfvcglkPRRSxeEUy37fSHS8.vb7DmaIIcM7dL7vE_cQIwuuRVVYGQECn7_xORN1pTbQ%26dib_tag%3Dse%26keywords%3Dlaptop%26qid%3D1727183583%26sprefix%3Dla%252Caps%252C628%26sr%3D8-22-spons%26sp_csd%3Dd2lkZ2V0TmFtZT1zcF9idGY%26psc%3D1
"Lenovo S14 Intel Core I5 12th Gen 14"" (35.56 cm) FHD IPS (1920x1080) Antiglare 300Nits Thin and Light Laptop (8GB RAM/512GB SSD/Windows 11 Pro/Backlit/Cloud Grey/1.5 kg/3Y Premium Care), 82TW001DIH  ","48,490",https://amazon.in//sspa/click?ie=UTF8&spc=MToxOTE4ODYzMjg5OTQxNzM0OjE3MjcxODM1OTA6c3BfYXRmX25leHQ6MzAwMDY3NjYzMzU4ODMyOjowOjo&url=%2FLenovo-1920x1080-Antiglare-300Nits-82TW001DIH%2Fdp%2FB0CH8D6F4N%2Fref%3Dsr_1_17_sspa%3Fcrid%3DPM7POFW3ZNPI%26dib%3DeyJ2IjoiMSJ9.2b54RpyGor50vDRomWMGfKKaxeKF6T4qf6OnBM3Y48FU9EB7f7yijbxOYpZk9PYVij_cyXPZ8WFSNUcTXk4Lh5q8CP-l-9H-Mlp5rhFO37rms80cQ5-M5SxY8Ww4E3az8JupMT2BB6PQdLqoO3ASRcKKrpN5zWwg8hHsDi02Vkrx2CzGi6iaheRo3a25x6hjjFTs8__tmEL-g1mUOB7iO0IAWEr3W5mH8tK1kvypNZI.ApfH3Q7tQEa2vUi0dy6IkXFeQI0kYs5dmGc7AQxiMYE%26dib_tag%3Dse%26keywords%3Dlaptop%26qid%3D1727183590%26sprefix%3Dla%252Caps%252C628%26sr%3D8-17-spons%26sp_csd%3Dd2lkZ2V0TmFtZT1zcF9hdGZfbmV4dA%26psc%3D1
"Lenovo ThinkBook 16 Intel 13th Gen Core i5 16"" (40.64cm) WUXGA 300 Nits Antiglare Thin and Light Laptop (16GB/512GB SSD/Win 11 Home/Office 2021/Backlit Keyboard/Arctic Grey/1.7 Kg), 21KHA0J6IN  ","57,990",https://amazon.in//sspa/click?ie=UTF8&spc=MToxOTE4ODYzMjg5OTQxNzM0OjE3MjcxODM1OTA6c3BfYXRmX25leHQ6MzAwMTY2NjQyNTU2NTMyOjowOjo&url=%2FLenovo-ThinkBook-Antiglare-Keyboard-21KHA0J6IN%2Fdp%2FB0CZ7BFQZL%2Fref%3Dsr_1_18_sspa%3Fcrid%3DPM7POFW3ZNPI%26dib%3DeyJ2IjoiMSJ9.2b54RpyGor50vDRomWMGfKKaxeKF6T4qf6OnBM3Y48FU9EB7f7yijbxOYpZk9PYVij_cyXPZ8WFSNUcTXk4Lh5q8CP-l-9H-Mlp5rhFO37rms80cQ5-M5SxY8Ww4E3az8JupMT2BB6PQdLqoO3ASRcKKrpN5zWwg8hHsDi02Vkrx2CzGi6iaheRo3a25x6hjjFTs8__tmEL-g1mUOB7iO0IAWEr3W5mH8tK1kvypNZI.ApfH3Q7tQEa2vUi0dy6IkXFeQI0kYs5dmGc7AQxiMYE%26dib_tag%3Dse%26keywords%3Dlaptop%26qid%3D1727183590%26sprefix%3Dla%252Caps%252C628%26sr%3D8-18-spons%26sp_csd%3Dd2lkZ2V0TmFtZT1zcF9hdGZfbmV4dA%26psc%3D1
"Dell [Smartchoice] Core i3-1215U, 12th Gen (8GB RAM/512GB SSD/FHD/Window 11/MS Office' 21/15""(38 cm)/15 Month McAfee/Black/1.48kg Laptop  ","34,990",https://amazon.in//Dell-Smartchoice-i3-1215U-Processor-Spill-Resistant/dp/B0BQJ68HHC/ref=sr_1_19?crid=PM7POFW3ZNPI&dib=eyJ2IjoiMSJ9.2b54RpyGor50vDRomWMGfKKaxeKF6T4qf6OnBM3Y48FU9EB7f7yijbxOYpZk9PYVij_cyXPZ8WFSNUcTXk4Lh5q8CP-l-9H-Mlp5rhFO37rms80cQ5-M5SxY8Ww4E3az8JupMT2BB6PQdLqoO3ASRcKKrpN5zWwg8hHsDi02Vkrx2CzGi6iaheRo3a25x6hjjFTs8__tmEL-g1mUOB7iO0IAWEr3W5mH8tK1kvypNZI.ApfH3Q7tQEa2vUi0dy6IkXFeQI0kYs5dmGc7AQxiMYE&dib_tag=se&keywords=laptop&qid=1727183590&sprefix=la%2Caps%2C628&sr=8-19
"Acer Aspire Lite 12th Gen Intel Core i3-1215U Premium Metal Laptop (Windows 11 Home/8 GB RAM/512GB SSD) AL15-52, 39.62cm (15.6"") Full HD Display, Metal Body, Steel Gray, 1.59 Kg  ","29,990",https://amazon.in//Acer-i3-1215U-Premium-Windows-AL15-52/dp/B0CKLN7PSZ/ref=sr_1_4?crid=PM7POFW3ZNPI&dib=eyJ2IjoiMSJ9.9_DYRQ4JIiUfuVtg49iGBA7sI-H1D611a7veVphpElwTDvpQa-eanKszL4_I-ERUnbamKmxhnGg2r6FnPwjh8H5Oae11Hd0gJ80kB4NPRutxtG7Q5GH-m3aO29hCzpWh87VCjLq_Fx4R3N2AZ8v1Zs1cxtYuLbdhQByk7yziPjFJPNQvs78Tb_zFkcjuNTbySBXV0PPXjgqe-rnFKYZVsfvcglkPRRSxeEUy37fSHS8.vb7DmaIIcM7dL7vE_cQIwuuRVVYGQECn7_xORN1pTbQ&dib_tag=se&keywords=laptop&qid=1727183583&sprefix=la%2Caps%2C628&sr=8-4
"Lenovo IdeaPad Slim 1 Intel Core Celeron N4020 14"" HD Thin and Light Laptop (8GB/512GB SSD/Windows 11 Home/Office 21/1Yr Warranty/Cloud Grey/1.3Kg), 82V6009LIN  ","23,990",https://amazon.in//Lenovo-IdeaPad-Celeron-Warranty-82V6009LIN/dp/B0D6Z2H2HR/ref=sr_1_20?crid=PM7POFW3ZNPI&dib=eyJ2IjoiMSJ9.2b54RpyGor50vDRomWMGfKKaxeKF6T4qf6OnBM3Y48FU9EB7f7yijbxOYpZk9PYVij_cyXPZ8WFSNUcTXk4Lh5q8CP-l-9H-Mlp5rhFO37rms80cQ5-M5SxY8Ww4E3az8JupMT2BB6PQdLqoO3ASRcKKrpN5zWwg8hHsDi02Vkrx2CzGi6iaheRo3a25x6hjjFTs8__tmEL-g1mUOB7iO0IAWEr3W5mH8tK1kvypNZI.ApfH3Q7tQEa2vUi0dy6IkXFeQI0kYs5dmGc7AQxiMYE&dib_tag=se&keywords=laptop&qid=1727183590&sprefix=la%2Caps%2C628&sr=8-20
"HP Laptop 15s, AMD Ryzen 5 5500U, 15.6-inch (39.6 cm), FHD, 16GB DDR4, 512GB SSD, AMD Radeon Graphics, 720p HD Camera, Backlit KB, Thin & Light (Win 11, MSO 2021, Silver, 1.69 kg), eq2182AU  ","42,990",https://amazon.in//HP-15-6-inches-Micro-Edge-Anti-Glare-15s-eq2182AU/dp/B0B4N77Y34/ref=sr_1_21?crid=PM7POFW3ZNPI&dib=eyJ2IjoiMSJ9.2b54RpyGor50vDRomWMGfKKaxeKF6T4qf6OnBM3Y48FU9EB7f7yijbxOYpZk9PYVij_cyXPZ8WFSNUcTXk4Lh5q8CP-l-9H-Mlp5rhFO37rms80cQ5-M5SxY8Ww4E3az8JupMT2BB6PQdLqoO3ASRcKKrpN5zWwg8hHsDi02Vkrx2CzGi6iaheRo3a25x6hjjFTs8__tmEL-g1mUOB7iO0IAWEr3W5mH8tK1kvypNZI.ApfH3Q7tQEa2vUi0dy6IkXFeQI0kYs5dmGc7AQxiMYE&dib_tag=se&keywords=laptop&qid=1727183590&sprefix=la%2Caps%2C628&sr=8-21
"HONOR MagicBook X16 (2024), 12th Gen Intel Core i5-12450H, 16-inch (40.64 cm) FHD IPS Anti-Glare Thin and Light Laptop (16GB/512GB PCIe SSD/Windows 11/ Full-Size Numeric Keyboard /1.68Kg), Gray  ","43,990",https://amazon.in//sspa/click?ie=UTF8&spc=MToyNTY3MDA5NjU2MDg5MTI6MTcyNzE4MzU5MDpzcF9zZWFyY2hfdGhlbWF0aWM6MzAwMTY2ODA4NTAwOTMyOjowOjo&url=%2FMagicBook-i5-12450H-Anti-Glare-Full-Size-Keyboard%2Fdp%2FB0CRQB4HBP%2Fref%3Dsxin_15_pa_sp_search_thematic_sspa%3Fcontent-id%3Damzn1.sym.59126330-c308-4c36-a5a0-21cac002681f%253Aamzn1.sym.59126330-c308-4c36-a5a0-21cac002681f%26crid%3DPM7POFW3ZNPI%26cv_ct_cx%3Dlaptop%26dib%3DeyJ2IjoiMSJ9.jfXLfWlGqMgaGqHt0az6YlHKPfW2zb66RXtrq0pO81c2j_e--VzVLEgC3YNzwq9MkR1hJMqskuoiKaCIKyF7Fg.gcWVWCOnuGsqlrOk68gQnnh-yo9i0VLQVtAmBAgIWGI%26dib_tag%3Dse%26keywords%3Dlaptop%26pd_rd_i%3DB0CRQB4HBP%26pd_rd_r%3De039ee2c-eb1d-4c90-a221-fa547b03d2ba%26pd_rd_w%3D5PR1j%26pd_rd_wg%3DPUIrU%26pf_rd_p%3D59126330-c308-4c36-a5a0-21cac002681f%26pf_rd_r%3DYCPYJPZ8QANDBHN3VS5M%26qid%3D1727183590%26sbo%3DRZvfv%252F%252FHxDF%252BO5021pAnSA%253D%253D%26sprefix%3Dla%252Caps%252C628%26sr%3D1-17-2ec22325-1003-449d-8aaf-c0bcc24717ae-spons%26sp_csd%3Dd2lkZ2V0TmFtZT1zcF9zZWFyY2hfdGhlbWF0aWM%26psc%3D1
"ASUS Vivobook 16 (2023), Intel Core i9-13900H 13th Gen, Thin & Light Laptop, 16"" (40.64 cm) FHD+,(16GB/512GB SSD/Intel Iris Xe/Win 11/Office 2021/Backlit KB/Fingerprint/Silver/1.88 kg) X1605VA-MB946WS  ","84,990",https://amazon.in//sspa/click?ie=UTF8&spc=MToyNTY3MDA5NjU2MDg5MTI6MTcyNzE4MzU5MDpzcF9zZWFyY2hfdGhlbWF0aWM6MzAwMjgyNzcxMjI5MDMyOjoxOjo&url=%2FASUS-Vivobook-i9-13900H-Fingerprint-X1605VA-MB946WS%2Fdp%2FB0CHMYJ9BK%2Fref%3Dsxin_15_pa_sp_search_thematic_sspa%3Fcontent-id%3Damzn1.sym.59126330-c308-4c36-a5a0-21cac002681f%253Aamzn1.sym.59126330-c308-4c36-a5a0-21cac002681f%26crid%3DPM7POFW3ZNPI%26cv_ct_cx%3Dlaptop%26dib%3DeyJ2IjoiMSJ9.jfXLfWlGqMgaGqHt0az6YlHKPfW2zb66RXtrq0pO81c2j_e--VzVLEgC3YNzwq9MkR1hJMqskuoiKaCIKyF7Fg.gcWVWCOnuGsqlrOk68gQnnh-yo9i0VLQVtAmBAgIWGI%26dib_tag%3Dse%26keywords%3Dlaptop%26pd_rd_i%3DB0CHMYJ9BK%26pd_rd_r%3De039ee2c-eb1d-4c90-a221-fa547b03d2ba%26pd_rd_w%3D5PR1j%26pd_rd_wg%3DPUIrU%26pf_rd_p%3D59126330-c308-4c36-a5a0-21cac002681f%26pf_rd_r%3DYCPYJPZ8QANDBHN3VS5M%26qid%3D1727183590%26sbo%3DRZvfv%252F%252FHxDF%252BO5021pAnSA%253D%253D%26sprefix%3Dla%252Caps%252C628%26sr%3D1-18-2ec22325-1003-449d-8aaf-c0bcc24717ae-spons%26sp_csd%3Dd2lkZ2V0TmFtZT1zcF9zZWFyY2hfdGhlbWF0aWM%26psc%3D1
"Lenovo [Smart Choice Ideapad Gaming 3 Laptop AMD Ryzen 5 5500H 15.6"" (39.62Cm) Fhd IPS 300Nits 144Hz (8Gb/512Gb Ssd/Win11/Nvidia RTX 2050 4Gb/Alexa/3 Month Game Pass/Shadow Black/2.32Kg),82K20289In  ","47,990",https://amazon.in//sspa/click?ie=UTF8&spc=MToyNTY3MDA5NjU2MDg5MTI6MTcyNzE4MzU5MDpzcF9zZWFyY2hfdGhlbWF0aWM6MzAwMTY4MjIyMjk0NDMyOjoyOjo&url=%2FLenovo-IdeaPad-39-62cm-300nits-82K20289IN%2Fdp%2FB0CL5L59Z9%2Fref%3Dsxin_15_pa_sp_search_thematic_sspa%3Fcontent-id%3Damzn1.sym.59126330-c308-4c36-a5a0-21cac002681f%253Aamzn1.sym.59126330-c308-4c36-a5a0-21cac002681f%26crid%3DPM7POFW3ZNPI%26cv_ct_cx%3Dlaptop%26dib%3DeyJ2IjoiMSJ9.jfXLfWlGqMgaGqHt0az6YlHKPfW2zb66RXtrq0pO81c2j_e--VzVLEgC3YNzwq9MkR1hJMqskuoiKaCIKyF7Fg.gcWVWCOnuGsqlrOk68gQnnh-yo9i0VLQVtAmBAgIWGI%26dib_tag%3Dse%26keywords%3Dlaptop%26pd_rd_i%3DB0CL5L59Z9%26pd_rd_r%3De039ee2c-eb1d-4c90-a221-fa547b03d2ba%26pd_rd_w%3D5PR1j%26pd_rd_wg%3DPUIrU%26pf_rd_p%3D59126330-c308-4c36-a5a0-21cac002681f%26pf_rd_r%3DYCPYJPZ8QANDBHN3VS5M%26qid%3D1727183590%26sbo%3DRZvfv%252F%252FHxDF%252BO5021pAnSA%253D%253D%26sprefix%3Dla%252Caps%252C628%26sr%3D1-19-2ec22325-1003-449d-8aaf-c0bcc24717ae-spons%26sp_csd%3Dd2lkZ2V0TmFtZT1zcF9zZWFyY2hfdGhlbWF0aWM%26psc%3D1
"Dell G15-5530 Gaming Laptop, Intel Core i5-13450HX Processor, 16GB DDR5, 512GB,NVIDIA RTX 3050,6GB GDDR6, 15.6"" (39.62cm) FHD 120Hz 250 nits, Backlit KB Orange,Windows 11 + MSO'21,Dark Shadow, 2.65kg  ","71,490",https://amazon.in//sspa/click?ie=UTF8&spc=MToyNTY3MDA5NjU2MDg5MTI6MTcyNzE4MzU5MDpzcF9zZWFyY2hfdGhlbWF0aWM6MzAwMjAwNjMwNDI0NzMyOjozOjo&url=%2FDell-G15-5530-Gaming-i5-13450HX-Processor%2Fdp%2FB0CRKX3JRT%2Fref%3Dsxin_15_pa_sp_search_thematic_sspa%3Fcontent-id%3Damzn1.sym.59126330-c308-4c36-a5a0-21cac002681f%253Aamzn1.sym.59126330-c308-4c36-a5a0-21cac002681f%26crid%3DPM7POFW3ZNPI%26cv_ct_cx%3Dlaptop%26dib%3DeyJ2IjoiMSJ9.jfXLfWlGqMgaGqHt0az6YlHKPfW2zb66RXtrq0pO81c2j_e--VzVLEgC3YNzwq9MkR1hJMqskuoiKaCIKyF7Fg.gcWVWCOnuGsqlrOk68gQnnh-yo9i0VLQVtAmBAgIWGI%26dib_tag%3Dse%26keywords%3Dlaptop%26pd_rd_i%3DB0CRKX3JRT%26pd_rd_r%3De039ee2c-eb1d-4c90-a221-fa547b03d2ba%26pd_rd_w%3D5PR1j%26pd_rd_wg%3DPUIrU%26pf_rd_p%3D59126330-c308-4c36-a5a0-21cac002681f%26pf_rd_r%3DYCPYJPZ8QANDBHN3VS5M%26qid%3D1727183590%26sbo%3DRZvfv%252F%252FHxDF%252BO5021pAnSA%253D%253D%26sprefix%3Dla%252Caps%252C628%26sr%3D1-20-2ec22325-1003-449d-8aaf-c0bcc24717ae-spons%26sp_csd%3Dd2lkZ2V0TmFtZT1zcF9zZWFyY2hfdGhlbWF0aWM%26psc%3D1
"HP Victus Gaming Laptop, Windows 11 Home, 12Th Gen Intel Core I5-12450H,4Gb RTX 3050 Gpu,15.6-Inch(39.6 Cm),Fhd,IPS,16Gb Ddr4,512Gb Ssd,Backlit Kb,Dual Speakers (Mso, Blue,2.37 Kg),Fa0666Tx/Fa0444Tx  ","65,990",https://amazon.in//sspa/click?ie=UTF8&spc=MToyNTY3MDA5NjU2MDg5MTI6MTcyNzE4MzU5MDpzcF9zZWFyY2hfdGhlbWF0aWM6MzAwMTIwMDExNzMyMjMyOjo0Ojo&url=%2FHP-i5-12450H-15-6-inch-Response-fa0666TX%2Fdp%2FB0C2HZYM87%2Fref%3Dsxin_15_pa_sp_search_thematic_sspa%3Fcontent-id%3Damzn1.sym.59126330-c308-4c36-a5a0-21cac002681f%253Aamzn1.sym.59126330-c308-4c36-a5a0-21cac002681f%26crid%3DPM7POFW3ZNPI%26cv_ct_cx%3Dlaptop%26dib%3DeyJ2IjoiMSJ9.jfXLfWlGqMgaGqHt0az6YlHKPfW2zb66RXtrq0pO81c2j_e--VzVLEgC3YNzwq9MkR1hJMqskuoiKaCIKyF7Fg.gcWVWCOnuGsqlrOk68gQnnh-yo9i0VLQVtAmBAgIWGI%26dib_tag%3Dse%26keywords%3Dlaptop%26pd_rd_i%3DB0C2HZYM87%26pd_rd_r%3De039ee2c-eb1d-4c90-a221-fa547b03d2ba%26pd_rd_w%3D5PR1j%26pd_rd_wg%3DPUIrU%26pf_rd_p%3D59126330-c308-4c36-a5a0-21cac002681f%26pf_rd_r%3DYCPYJPZ8QANDBHN3VS5M%26qid%3D1727183590%26sbo%3DRZvfv%252F%252FHxDF%252BO5021pAnSA%253D%253D%26sprefix%3Dla%252Caps%252C628%26sr%3D1-21-2ec22325-1003-449d-8aaf-c0bcc24717ae-spons%26sp_csd%3Dd2lkZ2V0TmFtZT1zcF9zZWFyY2hfdGhlbWF0aWM%26psc%3D1
"HP Laptop 15, 12th Gen i3-1215U, 15.6-inch (39.6 cm), FHD, Anti-Glare, 8GB DDR4, 512GB SSD, Intel UHD Graphics, Dual Speakers, (Win 11, MSO 2021, Silver, 1.69 kg), 15s-fy5006TU  ","35,999",https://amazon.in//HP-i3-1215U-15-6-inch-Anti-Glare-15s-fy5006TU/dp/B0CJBL2QWY/ref=sr_1_22?crid=PM7POFW3ZNPI&dib=eyJ2IjoiMSJ9.2b54RpyGor50vDRomWMGfKKaxeKF6T4qf6OnBM3Y48FU9EB7f7yijbxOYpZk9PYVij_cyXPZ8WFSNUcTXk4Lh5q8CP-l-9H-Mlp5rhFO37rms80cQ5-M5SxY8Ww4E3az8JupMT2BB6PQdLqoO3ASRcKKrpN5zWwg8hHsDi02Vkrx2CzGi6iaheRo3a25x6hjjFTs8__tmEL-g1mUOB7iO0IAWEr3W5mH8tK1kvypNZI.ApfH3Q7tQEa2vUi0dy6IkXFeQI0kYs5dmGc7AQxiMYE&dib_tag=se&keywords=laptop&qid=1727183590&sprefix=la%2Caps%2C628&sr=8-22
"(Refurbished) Lenovo ThinkPad L480 8th Gen Intel Core i5 Thin & Light HD Laptop (16 GB DDR4 RAM/512 GB SSD/14"" (35.6 cm) HD/Windows 11/MS Office/WiFi/Bluetooth/Webcam/Intel Graphics)  ","19,045",https://amazon.in//Refurbished-Lenovo-ThinkPad-Bluetooth-Graphics/dp/B0CM21TQ3W/ref=sr_1_23?crid=PM7POFW3ZNPI&dib=eyJ2IjoiMSJ9.2b54RpyGor50vDRomWMGfKKaxeKF6T4qf6OnBM3Y48FU9EB7f7yijbxOYpZk9PYVij_cyXPZ8WFSNUcTXk4Lh5q8CP-l-9H-Mlp5rhFO37rms80cQ5-M5SxY8Ww4E3az8JupMT2BB6PQdLqoO3ASRcKKrpN5zWwg8hHsDi02Vkrx2CzGi6iaheRo3a25x6hjjFTs8__tmEL-g1mUOB7iO0IAWEr3W5mH8tK1kvypNZI.ApfH3Q7tQEa2vUi0dy6IkXFeQI0kYs5dmGc7AQxiMYE&dib_tag=se&keywords=laptop&qid=1727183590&sprefix=la%2Caps%2C628&sr=8-23
"HP Laptop 15s, 12th Gen Intel Core i3, 15.6-inch (39.6 cm), 8GB DDR4, 512GB SSD, Thin & Light, Dual Speakers (Win 11, MSO 2021, Silver, 1.69 kg), fq5007TU / FQ5327TU  ","38,990",https://amazon.in//HP-i3-1215U-15-6-inch-Graphics-Speakers/dp/B0BP2M7CCS/ref=sr_1_24?crid=PM7POFW3ZNPI&dib=eyJ2IjoiMSJ9.2b54RpyGor50vDRomWMGfKKaxeKF6T4qf6OnBM3Y48FU9EB7f7yijbxOYpZk9PYVij_cyXPZ8WFSNUcTXk4Lh5q8CP-l-9H-Mlp5rhFO37rms80cQ5-M5SxY8Ww4E3az8JupMT2BB6PQdLqoO3ASRcKKrpN5zWwg8hHsDi02Vkrx2CzGi6iaheRo3a25x6hjjFTs8__tmEL-g1mUOB7iO0IAWEr3W5mH8tK1kvypNZI.ApfH3Q7tQEa2vUi0dy6IkXFeQI0kYs5dmGc7AQxiMYE&dib_tag=se&keywords=laptop&qid=1727183590&sprefix=la%2Caps%2C628&sr=8-24
"(Refurbished) Lenovo ThinkPad 5th Gen Intel Core i5 Thin & Light HD Laptop (8 GB RAM/256 GB SSD/14"" (35.6 cm) HD/Windows 10 Pro/MS Office/WiFi/Webcam/Intel Graphics), Black  ","12,999",https://amazon.in//Refurbished-Lenovo-ThinkPad-Windows-Graphics/dp/B0CR495DW5/ref=sr_1_5?crid=PM7POFW3ZNPI&dib=eyJ2IjoiMSJ9.9_DYRQ4JIiUfuVtg49iGBA7sI-H1D611a7veVphpElwTDvpQa-eanKszL4_I-ERUnbamKmxhnGg2r6FnPwjh8H5Oae11Hd0gJ80kB4NPRutxtG7Q5GH-m3aO29hCzpWh87VCjLq_Fx4R3N2AZ8v1Zs1cxtYuLbdhQByk7yziPjFJPNQvs78Tb_zFkcjuNTbySBXV0PPXjgqe-rnFKYZVsfvcglkPRRSxeEUy37fSHS8.vb7DmaIIcM7dL7vE_cQIwuuRVVYGQECn7_xORN1pTbQ&dib_tag=se&keywords=laptop&qid=1727183583&sprefix=la%2Caps%2C628&sr=8-5
"Walker Thin & Light Laptop, (4GB Ram,128GB SSD) |14.1 inch FHD IPS Display |1920 *1080 Resolution | Gemini Lake N4020 | UHD Graphics 600| Mini-HDMI| Bluetooth| Webcam | Windows 11 Home | Cloud Silver  ","12,990",https://amazon.in//Walker-Display-Resolution-Graphics-Mini-HDMI/dp/B0CGVLLWT3/ref=sr_1_25?crid=PM7POFW3ZNPI&dib=eyJ2IjoiMSJ9.2b54RpyGor50vDRomWMGfKKaxeKF6T4qf6OnBM3Y48FU9EB7f7yijbxOYpZk9PYVij_cyXPZ8WFSNUcTXk4Lh5q8CP-l-9H-Mlp5rhFO37rms80cQ5-M5SxY8Ww4E3az8JupMT2BB6PQdLqoO3ASRcKKrpN5zWwg8hHsDi02Vkrx2CzGi6iaheRo3a25x6hjjFTs8__tmEL-g1mUOB7iO0IAWEr3W5mH8tK1kvypNZI.ApfH3Q7tQEa2vUi0dy6IkXFeQI0kYs5dmGc7AQxiMYE&dib_tag=se&keywords=laptop&qid=1727183590&sprefix=la%2Caps%2C628&sr=8-25
"Acer Aspire Lite AMD Ryzen 5 5500U Premium Thin and Light Laptop (16 GB RAM/512 GB SSD/Windows 11 Home) AL15-41, 39.62 cm (15.6"") Full HD Display, Metal Body, Steel Gray, 1.59 KG  ","34,990",https://amazon.in//Acer-Premium-Windows-AL15-41-Display/dp/B0CB7S1RTX/ref=sr_1_26?crid=PM7POFW3ZNPI&dib=eyJ2IjoiMSJ9.2b54RpyGor50vDRomWMGfKKaxeKF6T4qf6OnBM3Y48FU9EB7f7yijbxOYpZk9PYVij_cyXPZ8WFSNUcTXk4Lh5q8CP-l-9H-Mlp5rhFO37rms80cQ5-M5SxY8Ww4E3az8JupMT2BB6PQdLqoO3ASRcKKrpN5zWwg8hHsDi02Vkrx2CzGi6iaheRo3a25x6hjjFTs8__tmEL-g1mUOB7iO0IAWEr3W5mH8tK1kvypNZI.ApfH3Q7tQEa2vUi0dy6IkXFeQI0kYs5dmGc7AQxiMYE&dib_tag=se&keywords=laptop&qid=1727183590&sprefix=la%2Caps%2C628&sr=8-26
"ASUS Vivobook S 15 OLED (2023), Intel Core EVO i5-13500H 13th Gen, 15.6"" (39.62 cm) 2.8K 120Hz OLED, Thin & Light Laptop (16GB/512GB SSD/Iris Xe/Win 11/Office 2021/75WHr/Blue/1.7 kg) S5504VA-MA541WS  ","74,990",https://amazon.in//sspa/click?ie=UTF8&spc=MToxOTE4ODYzMjg5OTQxNzM0OjE3MjcxODM1OTA6c3BfbXRmOjMwMDI4Mjc3MTIyODgzMjo6MDo6&url=%2FASUS-Vivobook-i5-13500H-Laptop-S5504VA-MA541WS%2Fdp%2FB0BSDZY5FV%2Fref%3Dsr_1_27_sspa%3Fcrid%3DPM7POFW3ZNPI%26dib%3DeyJ2IjoiMSJ9.2b54RpyGor50vDRomWMGfKKaxeKF6T4qf6OnBM3Y48FU9EB7f7yijbxOYpZk9PYVij_cyXPZ8WFSNUcTXk4Lh5q8CP-l-9H-Mlp5rhFO37rms80cQ5-M5SxY8Ww4E3az8JupMT2BB6PQdLqoO3ASRcKKrpN5zWwg8hHsDi02Vkrx2CzGi6iaheRo3a25x6hjjFTs8__tmEL-g1mUOB7iO0IAWEr3W5mH8tK1kvypNZI.ApfH3Q7tQEa2vUi0dy6IkXFeQI0kYs5dmGc7AQxiMYE%26dib_tag%3Dse%26keywords%3Dlaptop%26qid%3D1727183590%26sprefix%3Dla%252Caps%252C628%26sr%3D8-27-spons%26sp_csd%3Dd2lkZ2V0TmFtZT1zcF9tdGY%26psc%3D1
"Dell [Smartchoice] Inspiron 5430 Thin & Light Laptop, 13th Gen Intel Core i7-1360P/16GB/1TB SSD/14.0"" (35.56cm) FHD+ WVA 250 nits/Backlit KB + FPR/Windows 11 + MSO'21/15 Month McAfee/Silver/1.59kg  ","76,490",https://amazon.in//sspa/click?ie=UTF8&spc=MToxOTE4ODYzMjg5OTQxNzM0OjE3MjcxODM1OTA6c3BfbXRmOjMwMDE2NzI5NTkyNDkzMjo6MDo6&url=%2FDell-Inspiron-5430-i7-1360P-Processor%2Fdp%2FB0C91QWF1X%2Fref%3Dsr_1_28_sspa%3Fcrid%3DPM7POFW3ZNPI%26dib%3DeyJ2IjoiMSJ9.2b54RpyGor50vDRomWMGfKKaxeKF6T4qf6OnBM3Y48FU9EB7f7yijbxOYpZk9PYVij_cyXPZ8WFSNUcTXk4Lh5q8CP-l-9H-Mlp5rhFO37rms80cQ5-M5SxY8Ww4E3az8JupMT2BB6PQdLqoO3ASRcKKrpN5zWwg8hHsDi02Vkrx2CzGi6iaheRo3a25x6hjjFTs8__tmEL-g1mUOB7iO0IAWEr3W5mH8tK1kvypNZI.ApfH3Q7tQEa2vUi0dy6IkXFeQI0kYs5dmGc7AQxiMYE%26dib_tag%3Dse%26keywords%3Dlaptop%26qid%3D1727183590%26sprefix%3Dla%252Caps%252C628%26sr%3D8-28-spons%26sp_csd%3Dd2lkZ2V0TmFtZT1zcF9tdGY%26psc%3D1
"Acer Aspire 5 Gaming Laptop 13th Gen Intel Core i5(16GB RAM/512GB SSD/NVIDIA RTX 2050 4GB Graphics/144Hz/Win11Home)A515-58GM 15.6"" FHD Display, Steel Gray, Backlit Keyboard, Fingerprint Reader, 1.78KG  ","52,999",https://amazon.in//Acer-Graphics-Win11Home-A515-58GM-Fingerprint/dp/B0D1G7B66L/ref=sr_1_29?crid=PM7POFW3ZNPI&dib=eyJ2IjoiMSJ9.2b54RpyGor50vDRomWMGfKKaxeKF6T4qf6OnBM3Y48FU9EB7f7yijbxOYpZk9PYVij_cyXPZ8WFSNUcTXk4Lh5q8CP-l-9H-Mlp5rhFO37rms80cQ5-M5SxY8Ww4E3az8JupMT2BB6PQdLqoO3ASRcKKrpN5zWwg8hHsDi02Vkrx2CzGi6iaheRo3a25x6hjjFTs8__tmEL-g1mUOB7iO0IAWEr3W5mH8tK1kvypNZI.ApfH3Q7tQEa2vUi0dy6IkXFeQI0kYs5dmGc7AQxiMYE&dib_tag=se&keywords=laptop&qid=1727183590&sprefix=la%2Caps%2C628&sr=8-29
"ASUS Vivobook 15 Thin and Light Laptop,Intel Core i5-12500H 12th Gen, 15.6"" (39.62 cm) FHD, (16GB RAM/512GB/Win11/Office 2021/Blue/1.7 kg), X1502ZA-EJ541WS  ","47,990",https://amazon.in//ASUS-Vivobook-i5-12500H-Laptop-X1502ZA-EJ541WS/dp/B0C7H6SSC8/ref=sr_1_30?crid=PM7POFW3ZNPI&dib=eyJ2IjoiMSJ9.2b54RpyGor50vDRomWMGfKKaxeKF6T4qf6OnBM3Y48FU9EB7f7yijbxOYpZk9PYVij_cyXPZ8WFSNUcTXk4Lh5q8CP-l-9H-Mlp5rhFO37rms80cQ5-M5SxY8Ww4E3az8JupMT2BB6PQdLqoO3ASRcKKrpN5zWwg8hHsDi02Vkrx2CzGi6iaheRo3a25x6hjjFTs8__tmEL-g1mUOB7iO0IAWEr3W5mH8tK1kvypNZI.ApfH3Q7tQEa2vUi0dy6IkXFeQI0kYs5dmGc7AQxiMYE&dib_tag=se&keywords=laptop&qid=1727183590&sprefix=la%2Caps%2C628&sr=8-30
"HP Victus Gaming Laptop,Windows 11 Home,AMD Ryzen 5 5600H,4Gb RTX 3050 Gpu,15.6-Inch (39.6 Cm),Fhd,IPS,144Hz,16Gb Ddr4,512Gb Ssd,Backlit Kb,B&O,9Ms Response Time,Dual Speakers (Blue,2.37 Kg),Fb0106Ax  ","61,990",https://amazon.in//HP-GeForce-Graphics-Response-15-fb0106AX/dp/B0BWS9YNCX/ref=sr_1_31?crid=PM7POFW3ZNPI&dib=eyJ2IjoiMSJ9.2b54RpyGor50vDRomWMGfKKaxeKF6T4qf6OnBM3Y48FU9EB7f7yijbxOYpZk9PYVij_cyXPZ8WFSNUcTXk4Lh5q8CP-l-9H-Mlp5rhFO37rms80cQ5-M5SxY8Ww4E3az8JupMT2BB6PQdLqoO3ASRcKKrpN5zWwg8hHsDi02Vkrx2CzGi6iaheRo3a25x6hjjFTs8__tmEL-g1mUOB7iO0IAWEr3W5mH8tK1kvypNZI.ApfH3Q7tQEa2vUi0dy6IkXFeQI0kYs5dmGc7AQxiMYE&dib_tag=se&keywords=laptop&qid=1727183590&sprefix=la%2Caps%2C628&sr=8-31
"ASUS Vivobook Go 15, Intel Celeron N4500, 15.6""(39.62cm) FHD 16:9 60 Hz, Thin & Light Laptop (8GB RAM/512 SSD/Intel HD Graphics/Win 11/Office 2021/Fingerprint Sensor/Star Black/1.57 Kg),E510KA-EJ011WS  ","24,990",https://amazon.in//ASUS-Vivobook-Intel-Celeron-39-62cm/dp/B0D81DRTXQ/ref=sr_1_32?crid=PM7POFW3ZNPI&dib=eyJ2IjoiMSJ9.2b54RpyGor50vDRomWMGfKKaxeKF6T4qf6OnBM3Y48FU9EB7f7yijbxOYpZk9PYVij_cyXPZ8WFSNUcTXk4Lh5q8CP-l-9H-Mlp5rhFO37rms80cQ5-M5SxY8Ww4E3az8JupMT2BB6PQdLqoO3ASRcKKrpN5zWwg8hHsDi02Vkrx2CzGi6iaheRo3a25x6hjjFTs8__tmEL-g1mUOB7iO0IAWEr3W5mH8tK1kvypNZI.ApfH3Q7tQEa2vUi0dy6IkXFeQI0kYs5dmGc7AQxiMYE&dib_tag=se&keywords=laptop&qid=1727183590&sprefix=la%2Caps%2C628&sr=8-32
"ASUS Vivobook 14, IntelCore i3-1215U 12th Gen, Thin and Light Laptop, 14"" (35.56 cm) FHD, (8 GB RAM/512GB SSD/Windows11/Office 2021/Fingerprint/42WHr /Silver/1.40 kg), X1404ZA-NK322WS  ","34,990",https://amazon.in//ASUS-Vivobook-IntelCore-Fingerprint-X1404ZA-NK322WS/dp/B0CCPBPYSB/ref=sr_1_33?crid=PM7POFW3ZNPI&dib=eyJ2IjoiMSJ9.2b54RpyGor50vDRomWMGfKKaxeKF6T4qf6OnBM3Y48FU9EB7f7yijbxOYpZk9PYVij_cyXPZ8WFSNUcTXk4Lh5q8CP-l-9H-Mlp5rhFO37rms80cQ5-M5SxY8Ww4E3az8JupMT2BB6PQdLqoO3ASRcKKrpN5zWwg8hHsDi02Vkrx2CzGi6iaheRo3a25x6hjjFTs8__tmEL-g1mUOB7iO0IAWEr3W5mH8tK1kvypNZI.ApfH3Q7tQEa2vUi0dy6IkXFeQI0kYs5dmGc7AQxiMYE&dib_tag=se&keywords=laptop&qid=1727183590&sprefix=la%2Caps%2C628&sr=8-33
"HP Laptop 15s, Intel Celeron N4500, 15.6-inch (39.6 cm), HD, 8GB DDR4, 512GB SSD, Intel UHD Graphics, 720p HD Camera, Thin & Light, Dual Speakers (Win 11, Black, 1.65 kg), fq3066TU  ","27,529",https://amazon.in//HP-15-6-inch-Micro-Edge-Graphics-15s-fq3066TU/dp/B0CJC7S45V/ref=sr_1_34?crid=PM7POFW3ZNPI&dib=eyJ2IjoiMSJ9.2b54RpyGor50vDRomWMGfKKaxeKF6T4qf6OnBM3Y48FU9EB7f7yijbxOYpZk9PYVij_cyXPZ8WFSNUcTXk4Lh5q8CP-l-9H-Mlp5rhFO37rms80cQ5-M5SxY8Ww4E3az8JupMT2BB6PQdLqoO3ASRcKKrpN5zWwg8hHsDi02Vkrx2CzGi6iaheRo3a25x6hjjFTs8__tmEL-g1mUOB7iO0IAWEr3W5mH8tK1kvypNZI.ApfH3Q7tQEa2vUi0dy6IkXFeQI0kYs5dmGc7AQxiMYE&dib_tag=se&keywords=laptop&qid=1727183590&sprefix=la%2Caps%2C628&sr=8-34
"HONOR MagicBook X16 Pro 2024, 13th Gen Intel Core i5-13420H (16GB/512GB NVMe SSD, 16-inch (40.64 cm) FHD IPS Anti-Glare Thin and Light Laptop/Windows 11/Backlit Keyboard/Fingerprint/1.75Kg), Gray  ","53,990",https://amazon.in//sspa/click?ie=UTF8&spc=MTo1MjMxOTI3Mjg0NjIwNzEzOjE3MjcxODM1ODM6c3Bfc2VhcmNoX3RoZW1hdGljOjMwMDE2OTc3NTIyMjkzMjo6MDo6&url=%2FMagicBook-i5-13420H-Anti-Glare-Keyboard-Fingerprint%2Fdp%2FB0CXLWXYB1%2Fref%3Dsxin_15_pa_sp_search_thematic_sspa%3Fcontent-id%3Damzn1.sym.cd33fa60-47cd-49f3-80b8-24b1f0cbef97%253Aamzn1.sym.cd33fa60-47cd-49f3-80b8-24b1f0cbef97%26crid%3DPM7POFW3ZNPI%26cv_ct_cx%3Dlaptop%26dib%3DeyJ2IjoiMSJ9.Q95PimrQUAL05NFxAa-5Lz100PXo2BPyNOR8XkghwxfNGylfngOWy9HU111UTkzosJCbQ4Fv3sTRUKclou7h8A._Ha86yPsROIwRB3ipHgVdlmEl-_UUjqGHXjafeb2Qs0%26dib_tag%3Dse%26keywords%3Dlaptop%26pd_rd_i%3DB0CXLWXYB1%26pd_rd_r%3Da3ad1a5c-bbae-473c-831f-6abbf07d6552%26pd_rd_w%3Dj875j%26pd_rd_wg%3DQkNDz%26pf_rd_p%3Dcd33fa60-47cd-49f3-80b8-24b1f0cbef97%26pf_rd_r%3DF13YZFW8DZZX2E8SKBB3%26qid%3D1727183583%26sbo%3DRZvfv%252F%252FHxDF%252BO5021pAnSA%253D%253D%26sprefix%3Dla%252Caps%252C628%26sr%3D1-1-ced4eeeb-b190-41d6-902a-1ecb3fb8b7c4-spons%26sp_csd%3Dd2lkZ2V0TmFtZT1zcF9zZWFyY2hfdGhlbWF0aWM%26psc%3D1
"Dell Inspiron 3530 Thin & Light Laptop, 13th Gen Intel Core i3-1305U/8GB/512GB SSD/15.6"" (39.62cm) 120Hz Refresh Rate on a FHD IPS Display/Windows 11 + MSO'21+McAfee 15 Month/Carbon Black/1.62kg  ","36,990",https://amazon.in//Dell-Inspiron-3530-i3-1305U-Comfortview/dp/B0C4ZM63RP/ref=sr_1_35?crid=PM7POFW3ZNPI&dib=eyJ2IjoiMSJ9.2b54RpyGor50vDRomWMGfKKaxeKF6T4qf6OnBM3Y48FU9EB7f7yijbxOYpZk9PYVij_cyXPZ8WFSNUcTXk4Lh5q8CP-l-9H-Mlp5rhFO37rms80cQ5-M5SxY8Ww4E3az8JupMT2BB6PQdLqoO3ASRcKKrpN5zWwg8hHsDi02Vkrx2CzGi6iaheRo3a25x6hjjFTs8__tmEL-g1mUOB7iO0IAWEr3W5mH8tK1kvypNZI.ApfH3Q7tQEa2vUi0dy6IkXFeQI0kYs5dmGc7AQxiMYE&dib_tag=se&keywords=laptop&qid=1727183590&sprefix=la%2Caps%2C628&sr=8-35
"ASUS TUF Gaming A15, Ryzen 7 7435HS, 15.6-inch (39.62 cm) FHD 144Hz, Gaming Laptop (16GB RAM/512GB SSD/NVIDIA GeForce RTX 3050/Windows 11/48WHr/Graphite Black/2.3 Kg), FA506NCR-HN054W  ","65,990",https://amazon.in//ASUS-15-6-inch-GeForce-Graphite-FA506NCR-HN054W/dp/B0D5DFR78J/ref=sr_1_36?crid=PM7POFW3ZNPI&dib=eyJ2IjoiMSJ9.2b54RpyGor50vDRomWMGfKKaxeKF6T4qf6OnBM3Y48FU9EB7f7yijbxOYpZk9PYVij_cyXPZ8WFSNUcTXk4Lh5q8CP-l-9H-Mlp5rhFO37rms80cQ5-M5SxY8Ww4E3az8JupMT2BB6PQdLqoO3ASRcKKrpN5zWwg8hHsDi02Vkrx2CzGi6iaheRo3a25x6hjjFTs8__tmEL-g1mUOB7iO0IAWEr3W5mH8tK1kvypNZI.ApfH3Q7tQEa2vUi0dy6IkXFeQI0kYs5dmGc7AQxiMYE&dib_tag=se&keywords=laptop&qid=1727183590&sprefix=la%2Caps%2C628&sr=8-36
"Lenovo IdeaPad Slim 5 13th Gen Intel Core i5 13420H 14"" (35.5cm) WUXGA OLED 400Nits Laptop (16GB/512GB SSD/Win 11/MSO/Backlit KB/FHD + IR Camera/3 Month Game Pass/1Yr ADP Free/Grey/1.46Kg), 82XD005RIN  ","69,490",https://amazon.in//sspa/click?ie=UTF8&spc=MToxOTE4ODYzMjg5OTQxNzM0OjE3MjcxODM1OTA6c3BfYnRmOjMwMDE2Njk0MTUwNzUzMjo6MDo6&url=%2FLenovo-IdeaPad-400Nits-Backlit-82XD005RIN%2Fdp%2FB0CGV8WL7F%2Fref%3Dsr_1_37_sspa%3Fcrid%3DPM7POFW3ZNPI%26dib%3DeyJ2IjoiMSJ9.2b54RpyGor50vDRomWMGfKKaxeKF6T4qf6OnBM3Y48FU9EB7f7yijbxOYpZk9PYVij_cyXPZ8WFSNUcTXk4Lh5q8CP-l-9H-Mlp5rhFO37rms80cQ5-M5SxY8Ww4E3az8JupMT2BB6PQdLqoO3ASRcKKrpN5zWwg8hHsDi02Vkrx2CzGi6iaheRo3a25x6hjjFTs8__tmEL-g1mUOB7iO0IAWEr3W5mH8tK1kvypNZI.ApfH3Q7tQEa2vUi0dy6IkXFeQI0kYs5dmGc7AQxiMYE%26dib_tag%3Dse%26keywords%3Dlaptop%26qid%3D1727183590%26sprefix%3Dla%252Caps%252C628%26sr%3D8-37-spons%26sp_csd%3Dd2lkZ2V0TmFtZT1zcF9idGY%26psc%3D1
"Acer Swift Go 14 Built-in AI PC Premium Laptop Intel Core Ultra 5 125H (14-inch OLED WQXGA+/16GB LPDDR5X/512GB SSD/Intel Arc Graphics/1440p Camera with Shutter/Win11/MSO) SFG14-73, Pure Silver, 1.3 Kg  ","79,990",https://amazon.in//sspa/click?ie=UTF8&spc=MToxOTE4ODYzMjg5OTQxNzM0OjE3MjcxODM1OTA6c3BfYnRmOjMwMDM0MTk5MzE5NDkzMjo6MDo6&url=%2FAcer-Premium-14-inch-Graphics-SFG14-73%2Fdp%2FB0DC6DV319%2Fref%3Dsr_1_38_sspa%3Fcrid%3DPM7POFW3ZNPI%26dib%3DeyJ2IjoiMSJ9.2b54RpyGor50vDRomWMGfKKaxeKF6T4qf6OnBM3Y48FU9EB7f7yijbxOYpZk9PYVij_cyXPZ8WFSNUcTXk4Lh5q8CP-l-9H-Mlp5rhFO37rms80cQ5-M5SxY8Ww4E3az8JupMT2BB6PQdLqoO3ASRcKKrpN5zWwg8hHsDi02Vkrx2CzGi6iaheRo3a25x6hjjFTs8__tmEL-g1mUOB7iO0IAWEr3W5mH8tK1kvypNZI.ApfH3Q7tQEa2vUi0dy6IkXFeQI0kYs5dmGc7AQxiMYE%26dib_tag%3Dse%26keywords%3Dlaptop%26qid%3D1727183590%26sprefix%3Dla%252Caps%252C628%26sr%3D8-38-spons%26sp_csd%3Dd2lkZ2V0TmFtZT1zcF9idGY%26psc%3D1
"HP Pavilion Plus 14 AI-enhanced Laptop, Intel EVO Core Ultra 5 125H,14-inch (35.6 cm) 16GB, 512GB SSD, Intel Arc Graphics, WQXGA, 300 nits, 120Hz, 5MP IR Camera, (Win 11, MSO, Blue, 1.44 kg), ew1082TU  ","84,490",https://amazon.in//sspa/click?ie=UTF8&spc=MTo4MjM2ODc1NDgxNjI1NjE3OjE3MjcxODM1OTQ6c3BfYXRmX25leHQ6MzAwMzQyNDc3Njk4NDMyOjowOjo&url=%2FHP-Pavilion-AI-enhanced-Graphics-ew1082TU%2Fdp%2FB0D4TXZW5R%2Fref%3Dsr_1_33_sspa%3Fcrid%3DPM7POFW3ZNPI%26dib%3DeyJ2IjoiMSJ9.7Vi9acbaYbkaIQD63aJbAzommC3Ndeukh8-pm_dnzWAhc1Jx9sUBMB9LrL3Egz4AbTRCSVs6YKpd-y7336zUrEgTzZX3dtEQi-fsFi5w1dRJqzXAC2ya88NCuy3h88dqh_YZ3pjHnE7_oBURoYby2NQZr7yfcF4c1QQ-9rXUnzkSsp_dBJelTfBX7qR_nCw0ZJwtu4dtKhu2SZkK61v50ah224NNc3af_FtMeDk1Fm8.ljptegT0zyi1W6oJUoNQbt7scNCI_q-REKDMF7_LEjo%26dib_tag%3Dse%26keywords%3Dlaptop%26qid%3D1727183593%26sprefix%3Dla%252Caps%252C628%26sr%3D8-33-spons%26sp_csd%3Dd2lkZ2V0TmFtZT1zcF9hdGZfbmV4dA%26psc%3D1
"Lenovo ThinkPad E14 Intel Core i3 13th Gen 14"" WUXGA IPS 300 Nits Thin and Light Laptop (8GB RAM/512GB SSD/Windows 11 Home/FPR/Black/1Y Onsite/1.41 kg), 21JKS13L00  ","47,450",https://amazon.in//sspa/click?ie=UTF8&spc=MTo4MjM2ODc1NDgxNjI1NjE3OjE3MjcxODM1OTQ6c3BfYXRmX25leHQ6MzAwMzE0Mzg4MjY5MzMyOjowOjo&url=%2FLenovo-ThinkPad-Laptop-Windows-21JKS13L00%2Fdp%2FB0D66YKRTZ%2Fref%3Dsr_1_34_sspa%3Fcrid%3DPM7POFW3ZNPI%26dib%3DeyJ2IjoiMSJ9.7Vi9acbaYbkaIQD63aJbAzommC3Ndeukh8-pm_dnzWAhc1Jx9sUBMB9LrL3Egz4AbTRCSVs6YKpd-y7336zUrEgTzZX3dtEQi-fsFi5w1dRJqzXAC2ya88NCuy3h88dqh_YZ3pjHnE7_oBURoYby2NQZr7yfcF4c1QQ-9rXUnzkSsp_dBJelTfBX7qR_nCw0ZJwtu4dtKhu2SZkK61v50ah224NNc3af_FtMeDk1Fm8.ljptegT0zyi1W6oJUoNQbt7scNCI_q-REKDMF7_LEjo%26dib_tag%3Dse%26keywords%3Dlaptop%26qid%3D1727183593%26sprefix%3Dla%252Caps%252C628%26sr%3D8-34-spons%26sp_csd%3Dd2lkZ2V0TmFtZT1zcF9hdGZfbmV4dA%26psc%3D1
"Chuwi HeroBook Plus 15.6"" FHD Laptop, Intel Celeron N4020 Dual Core Processor Upto 2.80GHz, 8GB RAM, 256GB SSD, Intel UHD Graphics, Windows 11,WiFi 6,Webcam,BT 5.2,HDMI Port,38Wh, 1.74kg (Iron Gray)  ","18,990",https://amazon.in//Chuwi-HeroBook-Plus-Processor-Graphics/dp/B0D9QQ7SS1/ref=sr_1_35?crid=PM7POFW3ZNPI&dib=eyJ2IjoiMSJ9.7Vi9acbaYbkaIQD63aJbAzommC3Ndeukh8-pm_dnzWAhc1Jx9sUBMB9LrL3Egz4AbTRCSVs6YKpd-y7336zUrEgTzZX3dtEQi-fsFi5w1dRJqzXAC2ya88NCuy3h88dqh_YZ3pjHnE7_oBURoYby2NQZr7yfcF4c1QQ-9rXUnzkSsp_dBJelTfBX7qR_nCw0ZJwtu4dtKhu2SZkK61v50ah224NNc3af_FtMeDk1Fm8.ljptegT0zyi1W6oJUoNQbt7scNCI_q-REKDMF7_LEjo&dib_tag=se&keywords=laptop&qid=1727183593&sprefix=la%2Caps%2C628&sr=8-35
"ASUS TUF F15 Gaming Laptop, Intel Core i5-11400H 11th Gen, 15.6-inch (39.62 cm) FHD 144Hz,(16GB RAM/512GB SSD/4GB NVIDIA GeForce RTX 2050/Windows 11/ RGB Backlit KB/Black/2.30 kg), FX506HF-HN025W  ","50,990",https://amazon.in//ASUS-SmartChoice-i5-11400H-GeForce-FX506HF-HN025W/dp/B0C27SD9YR/ref=sr_1_36?crid=PM7POFW3ZNPI&dib=eyJ2IjoiMSJ9.7Vi9acbaYbkaIQD63aJbAzommC3Ndeukh8-pm_dnzWAhc1Jx9sUBMB9LrL3Egz4AbTRCSVs6YKpd-y7336zUrEgTzZX3dtEQi-fsFi5w1dRJqzXAC2ya88NCuy3h88dqh_YZ3pjHnE7_oBURoYby2NQZr7yfcF4c1QQ-9rXUnzkSsp_dBJelTfBX7qR_nCw0ZJwtu4dtKhu2SZkK61v50ah224NNc3af_FtMeDk1Fm8.ljptegT0zyi1W6oJUoNQbt7scNCI_q-REKDMF7_LEjo&dib_tag=se&keywords=laptop&qid=1727183593&sprefix=la%2Caps%2C628&sr=8-36
"(Refurbished)Lenovo ThinkPad L450 5th Gen Intel Core i3 Thin & Light HD Laptop (4 GB RAM/128 GB SSD/14"" (35.6 cm)/Windows 10/MS Office/Wifi/Bluetooth 4.0/Webcam/Integrated Graphics)  ","10,999",https://amazon.in//Lenovo-ThinkPad-Bluetooth-Integrated-Graphics/dp/B0B8RTN3SH/ref=sr_1_37?crid=PM7POFW3ZNPI&dib=eyJ2IjoiMSJ9.7Vi9acbaYbkaIQD63aJbAzommC3Ndeukh8-pm_dnzWAhc1Jx9sUBMB9LrL3Egz4AbTRCSVs6YKpd-y7336zUrEgTzZX3dtEQi-fsFi5w1dRJqzXAC2ya88NCuy3h88dqh_YZ3pjHnE7_oBURoYby2NQZr7yfcF4c1QQ-9rXUnzkSsp_dBJelTfBX7qR_nCw0ZJwtu4dtKhu2SZkK61v50ah224NNc3af_FtMeDk1Fm8.ljptegT0zyi1W6oJUoNQbt7scNCI_q-REKDMF7_LEjo&dib_tag=se&keywords=laptop&qid=1727183593&sprefix=la%2Caps%2C628&sr=8-37
"Lenovo IdeaPad Slim 5 12th Gen Intel Core i5 12450H 14"" (36cm) WUXGA IPS 300Nits Thin and Light Laptop (16GB/1TB SSD/Win 11/Office 21/BacklitKB/FHD Camera/Alexa/3 Mon Game Pass/Grey/1.46Kg),83BF0043IN  ","62,799",https://amazon.in//sspa/click?ie=UTF8&spc=MTo1NzY5NzY5NTEwODIxMzczOjE3MjcxODM1OTQ6c3Bfc2VhcmNoX3RoZW1hdGljOjMwMDEwMzQ5ODU4NjAzMjo6MDo6&url=%2FLenovo-IdeaPad-300Nits-BacklitKB-83BF0043IN%2Fdp%2FB0CNK1VTZW%2Fref%3Dsxin_15_pa_sp_search_thematic_sspa%3Fcontent-id%3Damzn1.sym.59126330-c308-4c36-a5a0-21cac002681f%253Aamzn1.sym.59126330-c308-4c36-a5a0-21cac002681f%26crid%3DPM7POFW3ZNPI%26cv_ct_cx%3Dlaptop%26dib%3DeyJ2IjoiMSJ9.VAIPyznfSpUDcbN4eInBai6xm438nk9rUJUFvY-TMZBmkgIZVipQfxdHVCBovi_QRLpBPeNPG_Uwxx8I6zfI8w.DY-xDKeflzIAFqvXL6DNlZzcmrlnXepuw2kWeBfbYvs%26dib_tag%3Dse%26keywords%3Dlaptop%26pd_rd_i%3DB0CNK1VTZW%26pd_rd_r%3D64d919a6-1a2e-40e1-8b4f-cf89e92a85c4%26pd_rd_w%3D3fSk9%26pd_rd_wg%3DLp0g2%26pf_rd_p%3D59126330-c308-4c36-a5a0-21cac002681f%26pf_rd_r%3DBSDMRN8Y9DX68HS3SR1X%26qid%3D1727183593%26sbo%3DRZvfv%252F%252FHxDF%252BO5021pAnSA%253D%253D%26sprefix%3Dla%252Caps%252C628%26sr%3D1-33-2ec22325-1003-449d-8aaf-c0bcc24717ae-spons%26sp_csd%3Dd2lkZ2V0TmFtZT1zcF9zZWFyY2hfdGhlbWF0aWM%26psc%3D1
"Acer Aspire Lite 13th Gen Intel Core i3-1305U Thin and Light Premium Laptop (Windows 11 Home/8 GB RAM/512GB SSD/36 WHR) AL15-53 with 39.62cm (15.6"") Full HD Display, Metal Body, Steel Gray, 1.59 KG  ","33,990",https://amazon.in//sspa/click?ie=UTF8&spc=MTo1MjMxOTI3Mjg0NjIwNzEzOjE3MjcxODM1ODM6c3Bfc2VhcmNoX3RoZW1hdGljOjMwMDI4MDMwNjU3NDQzMjo6MTo6&url=%2FAcer-i3-1305U-Premium-Windows-AL15-53%2Fdp%2FB0DB1SDB87%2Fref%3Dsxin_15_pa_sp_search_thematic_sspa%3Fcontent-id%3Damzn1.sym.cd33fa60-47cd-49f3-80b8-24b1f0cbef97%253Aamzn1.sym.cd33fa60-47cd-49f3-80b8-24b1f0cbef97%26crid%3DPM7POFW3ZNPI%26cv_ct_cx%3Dlaptop%26dib%3DeyJ2IjoiMSJ9.Q95PimrQUAL05NFxAa-5Lz100PXo2BPyNOR8XkghwxfNGylfngOWy9HU111UTkzosJCbQ4Fv3sTRUKclou7h8A._Ha86yPsROIwRB3ipHgVdlmEl-_UUjqGHXjafeb2Qs0%26dib_tag%3Dse%26keywords%3Dlaptop%26pd_rd_i%3DB0DB1SDB87%26pd_rd_r%3Da3ad1a5c-bbae-473c-831f-6abbf07d6552%26pd_rd_w%3Dj875j%26pd_rd_wg%3DQkNDz%26pf_rd_p%3Dcd33fa60-47cd-49f3-80b8-24b1f0cbef97%26pf_rd_r%3DF13YZFW8DZZX2E8SKBB3%26qid%3D1727183583%26sbo%3DRZvfv%252F%252FHxDF%252BO5021pAnSA%253D%253D%26sprefix%3Dla%252Caps%252C628%26sr%3D1-2-ced4eeeb-b190-41d6-902a-1ecb3fb8b7c4-spons%26sp_csd%3Dd2lkZ2V0TmFtZT1zcF9zZWFyY2hfdGhlbWF0aWM%26psc%3D1
"Acer ALG 12th Gen Intel Core i5 Gaming Laptop (16GB RAM/512GB SSD/4GB RTX 2050 Graphics/60Hz/Win11Home/Wifi 6) AL15G-52, 39.62cm (15.6 inch) FHD Display, Premium Metal Body, Steel Gray, 1.99KG  ","53,990",https://amazon.in//sspa/click?ie=UTF8&spc=MTo1NzY5NzY5NTEwODIxMzczOjE3MjcxODM1OTQ6c3Bfc2VhcmNoX3RoZW1hdGljOjMwMDI1MDI1NjQ0MzczMjo6MTo6&url=%2FAcer-Graphics-Win11Home-AL15G-52-39-62cm%2Fdp%2FB0D32SKB4C%2Fref%3Dsxin_15_pa_sp_search_thematic_sspa%3Fcontent-id%3Damzn1.sym.59126330-c308-4c36-a5a0-21cac002681f%253Aamzn1.sym.59126330-c308-4c36-a5a0-21cac002681f%26crid%3DPM7POFW3ZNPI%26cv_ct_cx%3Dlaptop%26dib%3DeyJ2IjoiMSJ9.VAIPyznfSpUDcbN4eInBai6xm438nk9rUJUFvY-TMZBmkgIZVipQfxdHVCBovi_QRLpBPeNPG_Uwxx8I6zfI8w.DY-xDKeflzIAFqvXL6DNlZzcmrlnXepuw2kWeBfbYvs%26dib_tag%3Dse%26keywords%3Dlaptop%26pd_rd_i%3DB0D32SKB4C%26pd_rd_r%3D64d919a6-1a2e-40e1-8b4f-cf89e92a85c4%26pd_rd_w%3D3fSk9%26pd_rd_wg%3DLp0g2%26pf_rd_p%3D59126330-c308-4c36-a5a0-21cac002681f%26pf_rd_r%3DBSDMRN8Y9DX68HS3SR1X%26qid%3D1727183593%26sbo%3DRZvfv%252F%252FHxDF%252BO5021pAnSA%253D%253D%26sprefix%3Dla%252Caps%252C628%26sr%3D1-34-2ec22325-1003-449d-8aaf-c0bcc24717ae-spons%26sp_csd%3Dd2lkZ2V0TmFtZT1zcF9zZWFyY2hfdGhlbWF0aWM%26psc%3D1
"Lenovo [Smartchoice LOQ 12th Gen Intel Core i5-12450HX /39.6cm/ 144Hz 300Nits FHD Gaming Laptop (16GB/512GB SSD/Win 11/ RTX 3050 6GB Graphics/100% sRGB/MSO 21/3 Mon Game Pass/Grey/2.4Kg), 83GS003UIN  ","69,990",https://amazon.in//sspa/click?ie=UTF8&spc=MTo1NzY5NzY5NTEwODIxMzczOjE3MjcxODM1OTQ6c3Bfc2VhcmNoX3RoZW1hdGljOjMwMDI1MDI1NjQ0MzQzMjo6Mjo6&url=%2FLenovo-Smartchoice-i5-12450HX-Graphics-83GS003UIN%2Fdp%2FB0CX8XPKWJ%2Fref%3Dsxin_15_pa_sp_search_thematic_sspa%3Fcontent-id%3Damzn1.sym.59126330-c308-4c36-a5a0-21cac002681f%253Aamzn1.sym.59126330-c308-4c36-a5a0-21cac002681f%26crid%3DPM7POFW3ZNPI%26cv_ct_cx%3Dlaptop%26dib%3DeyJ2IjoiMSJ9.VAIPyznfSpUDcbN4eInBai6xm438nk9rUJUFvY-TMZBmkgIZVipQfxdHVCBovi_QRLpBPeNPG_Uwxx8I6zfI8w.DY-xDKeflzIAFqvXL6DNlZzcmrlnXepuw2kWeBfbYvs%26dib_tag%3Dse%26keywords%3Dlaptop%26pd_rd_i%3DB0CX8XPKWJ%26pd_rd_r%3D64d919a6-1a2e-40e1-8b4f-cf89e92a85c4%26pd_rd_w%3D3fSk9%26pd_rd_wg%3DLp0g2%26pf_rd_p%3D59126330-c308-4c36-a5a0-21cac002681f%26pf_rd_r%3DBSDMRN8Y9DX68HS3SR1X%26qid%3D1727183593%26sbo%3DRZvfv%252F%252FHxDF%252BO5021pAnSA%253D%253D%26sprefix%3Dla%252Caps%252C628%26sr%3D1-35-2ec22325-1003-449d-8aaf-c0bcc24717ae-spons%26sp_csd%3Dd2lkZ2V0TmFtZT1zcF9zZWFyY2hfdGhlbWF0aWM%26psc%3D1
"Lenovo IdeaPad Slim 3 Intel Core i3 12th Gen 15.6"" (39.62cm) FHD Thin & Light Laptop (8GB/512GB SSD/Windows 11/Office 2021/1Yr ADP Free/3months Game Pass/Arctic Grey/1.63Kg), 82RK00VTIN  ","34,990",https://amazon.in//sspa/click?ie=UTF8&spc=MTo1NzY5NzY5NTEwODIxMzczOjE3MjcxODM1OTQ6c3Bfc2VhcmNoX3RoZW1hdGljOjMwMDI1MDgzMTQ5MzMzMjo6Mzo6&url=%2FLenovo-IdeaPad-39-62cm-Warranty-82RK006DIN%2Fdp%2FB0B4JPC8GT%2Fref%3Dsxin_15_pa_sp_search_thematic_sspa%3Fcontent-id%3Damzn1.sym.59126330-c308-4c36-a5a0-21cac002681f%253Aamzn1.sym.59126330-c308-4c36-a5a0-21cac002681f%26crid%3DPM7POFW3ZNPI%26cv_ct_cx%3Dlaptop%26dib%3DeyJ2IjoiMSJ9.VAIPyznfSpUDcbN4eInBai6xm438nk9rUJUFvY-TMZBmkgIZVipQfxdHVCBovi_QRLpBPeNPG_Uwxx8I6zfI8w.DY-xDKeflzIAFqvXL6DNlZzcmrlnXepuw2kWeBfbYvs%26dib_tag%3Dse%26keywords%3Dlaptop%26pd_rd_i%3DB0B4JPC8GT%26pd_rd_r%3D64d919a6-1a2e-40e1-8b4f-cf89e92a85c4%26pd_rd_w%3D3fSk9%26pd_rd_wg%3DLp0g2%26pf_rd_p%3D59126330-c308-4c36-a5a0-21cac002681f%26pf_rd_r%3DBSDMRN8Y9DX68HS3SR1X%26qid%3D1727183593%26sbo%3DRZvfv%252F%252FHxDF%252BO5021pAnSA%253D%253D%26sprefix%3Dla%252Caps%252C628%26sr%3D1-36-2ec22325-1003-449d-8aaf-c0bcc24717ae-spons%26sp_csd%3Dd2lkZ2V0TmFtZT1zcF9zZWFyY2hfdGhlbWF0aWM%26psc%3D1
"Acer Nitro V Gaming Laptop 13th Gen Intel Core i5-13420H with RTX 4050 Graphics 6GB VRAM, 144Hz Display (16GB DDR5/512GB SSD/Windows 11 Home/Wi-Fi 6),15.6""(39.6cms) FHD ANV15-51  ","77,480",https://amazon.in//sspa/click?ie=UTF8&spc=MTo1NzY5NzY5NTEwODIxMzczOjE3MjcxODM1OTQ6c3Bfc2VhcmNoX3RoZW1hdGljOjMwMDExOTk5NDQ1NjQzMjo6NDo6&url=%2FAcer-i5-13420H-Graphics-Display-ANV15-51%2Fdp%2FB0CHJJZ9G8%2Fref%3Dsxin_15_pa_sp_search_thematic_sspa%3Fcontent-id%3Damzn1.sym.59126330-c308-4c36-a5a0-21cac002681f%253Aamzn1.sym.59126330-c308-4c36-a5a0-21cac002681f%26crid%3DPM7POFW3ZNPI%26cv_ct_cx%3Dlaptop%26dib%3DeyJ2IjoiMSJ9.VAIPyznfSpUDcbN4eInBai6xm438nk9rUJUFvY-TMZBmkgIZVipQfxdHVCBovi_QRLpBPeNPG_Uwxx8I6zfI8w.DY-xDKeflzIAFqvXL6DNlZzcmrlnXepuw2kWeBfbYvs%26dib_tag%3Dse%26keywords%3Dlaptop%26pd_rd_i%3DB0CHJJZ9G8%26pd_rd_r%3D64d919a6-1a2e-40e1-8b4f-cf89e92a85c4%26pd_rd_w%3D3fSk9%26pd_rd_wg%3DLp0g2%26pf_rd_p%3D59126330-c308-4c36-a5a0-21cac002681f%26pf_rd_r%3DBSDMRN8Y9DX68HS3SR1X%26qid%3D1727183593%26sbo%3DRZvfv%252F%252FHxDF%252BO5021pAnSA%253D%253D%26sprefix%3Dla%252Caps%252C628%26sr%3D1-37-2ec22325-1003-449d-8aaf-c0bcc24717ae-spons%26sp_csd%3Dd2lkZ2V0TmFtZT1zcF9zZWFyY2hfdGhlbWF0aWM%26psc%3D1
"ASUS Vivobook Go 15 (2023), AMD Ryzen 5 7520U, 15.6"" (39.62 cm) FHD, Thin & Light Laptop (16GB/512GB SSD/Windows 11/Office 2021/Alexa Built-in/Mixed Black/1.63 kg), E1504FA-NJ542WS  ","39,990",https://amazon.in//ASUS-Vivobook-Laptop-Windows-E1504FA-NJ542WS/dp/B0BTWF2BQX/ref=sr_1_38?crid=PM7POFW3ZNPI&dib=eyJ2IjoiMSJ9.7Vi9acbaYbkaIQD63aJbAzommC3Ndeukh8-pm_dnzWAhc1Jx9sUBMB9LrL3Egz4AbTRCSVs6YKpd-y7336zUrEgTzZX3dtEQi-fsFi5w1dRJqzXAC2ya88NCuy3h88dqh_YZ3pjHnE7_oBURoYby2NQZr7yfcF4c1QQ-9rXUnzkSsp_dBJelTfBX7qR_nCw0ZJwtu4dtKhu2SZkK61v50ah224NNc3af_FtMeDk1Fm8.ljptegT0zyi1W6oJUoNQbt7scNCI_q-REKDMF7_LEjo&dib_tag=se&keywords=laptop&qid=1727183593&sprefix=la%2Caps%2C628&sr=8-38
"Lenovo V15 G4 AMD Athlon Silver 7120U Laptop 8GB LPDDR5 Ram, 512 GB SSD PCIe, Windows 11 Lifetime Validity,15.6"" FHD Screen, AMD Radeon 610M, Silver, 1 Year Brand Warranty  ","24,990",https://amazon.in//Lenovo-V15-Lifetime-Validity-Warranty/dp/B0CL7CMTXS/ref=sr_1_39?crid=PM7POFW3ZNPI&dib=eyJ2IjoiMSJ9.7Vi9acbaYbkaIQD63aJbAzommC3Ndeukh8-pm_dnzWAhc1Jx9sUBMB9LrL3Egz4AbTRCSVs6YKpd-y7336zUrEgTzZX3dtEQi-fsFi5w1dRJqzXAC2ya88NCuy3h88dqh_YZ3pjHnE7_oBURoYby2NQZr7yfcF4c1QQ-9rXUnzkSsp_dBJelTfBX7qR_nCw0ZJwtu4dtKhu2SZkK61v50ah224NNc3af_FtMeDk1Fm8.ljptegT0zyi1W6oJUoNQbt7scNCI_q-REKDMF7_LEjo&dib_tag=se&keywords=laptop&qid=1727183593&sprefix=la%2Caps%2C628&sr=8-39
"(Refurbished) Lenovo ThinkPad 6th Gen Intel Core i5 Thin & Light HD Touchscreen Laptop (8 GB RAM/256 GB SSD/14"" (35.6 cm) HD/Windows 11/WiFi/Bluetooth 4.1/Webcam/Integrated HD Graphics)  ","16,999",https://amazon.in//Refurbished-Lenovo-Touchscreen-Bluetooth-Integrated/dp/B0D33MQ8F1/ref=sr_1_40?crid=PM7POFW3ZNPI&dib=eyJ2IjoiMSJ9.7Vi9acbaYbkaIQD63aJbAzommC3Ndeukh8-pm_dnzWAhc1Jx9sUBMB9LrL3Egz4AbTRCSVs6YKpd-y7336zUrEgTzZX3dtEQi-fsFi5w1dRJqzXAC2ya88NCuy3h88dqh_YZ3pjHnE7_oBURoYby2NQZr7yfcF4c1QQ-9rXUnzkSsp_dBJelTfBX7qR_nCw0ZJwtu4dtKhu2SZkK61v50ah224NNc3af_FtMeDk1Fm8.ljptegT0zyi1W6oJUoNQbt7scNCI_q-REKDMF7_LEjo&dib_tag=se&keywords=laptop&qid=1727183593&sprefix=la%2Caps%2C628&sr=8-40
"(Renewed) DELL Latitude 5490 Core i5 8th Gen Laptop, 16 GB RAM, 512GB SSD, Intel HD Graphics, 14 inch (36.83 cms) HD Screen, Windows 11 (Upgraded), MS Office, Black, Slim  ","24,399",https://amazon.in//Renewed-Latitude-Graphics-Windows-Upgraded/dp/B0BD4BN7B6/ref=sr_1_41?crid=PM7POFW3ZNPI&dib=eyJ2IjoiMSJ9.7Vi9acbaYbkaIQD63aJbAzommC3Ndeukh8-pm_dnzWAhc1Jx9sUBMB9LrL3Egz4AbTRCSVs6YKpd-y7336zUrEgTzZX3dtEQi-fsFi5w1dRJqzXAC2ya88NCuy3h88dqh_YZ3pjHnE7_oBURoYby2NQZr7yfcF4c1QQ-9rXUnzkSsp_dBJelTfBX7qR_nCw0ZJwtu4dtKhu2SZkK61v50ah224NNc3af_FtMeDk1Fm8.ljptegT0zyi1W6oJUoNQbt7scNCI_q-REKDMF7_LEjo&dib_tag=se&keywords=laptop&qid=1727183593&sprefix=la%2Caps%2C628&sr=8-41
"MSI Katana 15, Intel Core i7-13620H, 40CM FHD 144Hz Gaming Laptop (8GBx2/1TB NVMe SSD/Windows 11 Home/Nvidia GeForce RTX 4060, GDDR6 8GB/Black/2.25Kg), B13VFK-296IN  ","94,990",https://amazon.in//MSI-i7-13620H-Windows-GeForce-B13VFK-296IN/dp/B0BTW2K2LN/ref=sr_1_42?crid=PM7POFW3ZNPI&dib=eyJ2IjoiMSJ9.7Vi9acbaYbkaIQD63aJbAzommC3Ndeukh8-pm_dnzWAhc1Jx9sUBMB9LrL3Egz4AbTRCSVs6YKpd-y7336zUrEgTzZX3dtEQi-fsFi5w1dRJqzXAC2ya88NCuy3h88dqh_YZ3pjHnE7_oBURoYby2NQZr7yfcF4c1QQ-9rXUnzkSsp_dBJelTfBX7qR_nCw0ZJwtu4dtKhu2SZkK61v50ah224NNc3af_FtMeDk1Fm8.ljptegT0zyi1W6oJUoNQbt7scNCI_q-REKDMF7_LEjo&dib_tag=se&keywords=laptop&qid=1727183593&sprefix=la%2Caps%2C628&sr=8-42
"HONOR MagicBook X14 Pro 2024, 13th Gen Intel Core i5-13420H (8GB/512GB NVMe SSD, 14-inch (35.56 cm) FHD IPS Anti-Glare Thin and Light Laptop/Windows 11/Backlit Keyboard/Fingerprint/1.4Kg), Gray  ","44,990",https://amazon.in//sspa/click?ie=UTF8&spc=MTo4MjM2ODc1NDgxNjI1NjE3OjE3MjcxODM1OTQ6c3BfbXRmOjMwMDE2NjgwODUwMDUzMjo6MDo6&url=%2FMagicBook-i5-13420H-Anti-Glare-Keyboard-Fingerprint%2Fdp%2FB0CXLRP4VJ%2Fref%3Dsr_1_43_sspa%3Fcrid%3DPM7POFW3ZNPI%26dib%3DeyJ2IjoiMSJ9.7Vi9acbaYbkaIQD63aJbAzommC3Ndeukh8-pm_dnzWAhc1Jx9sUBMB9LrL3Egz4AbTRCSVs6YKpd-y7336zUrEgTzZX3dtEQi-fsFi5w1dRJqzXAC2ya88NCuy3h88dqh_YZ3pjHnE7_oBURoYby2NQZr7yfcF4c1QQ-9rXUnzkSsp_dBJelTfBX7qR_nCw0ZJwtu4dtKhu2SZkK61v50ah224NNc3af_FtMeDk1Fm8.ljptegT0zyi1W6oJUoNQbt7scNCI_q-REKDMF7_LEjo%26dib_tag%3Dse%26keywords%3Dlaptop%26qid%3D1727183593%26sprefix%3Dla%252Caps%252C628%26sr%3D8-43-spons%26sp_csd%3Dd2lkZ2V0TmFtZT1zcF9tdGY%26psc%3D1
"Lenovo IdeaPad 1 AMD Ryzen 5 5500U 15.6"" (39.62cm) FHD Thin & Light Laptop (8GB/512GB SSD/Integrated AMD Graphics/Windows 11/Office 2021/HD Camera/1 Year ADP Free/Grey/1.6Kg), 82R400BRIN  ","36,990",https://amazon.in//sspa/click?ie=UTF8&spc=MTo1MjMxOTI3Mjg0NjIwNzEzOjE3MjcxODM1ODM6c3Bfc2VhcmNoX3RoZW1hdGljOjIwMTA3NDQwMDY5MTk4OjoyOjo&url=%2FLenovo-IdeaPad-39-62cm-Windows-82R400BGIN%2Fdp%2FB09MM58Y7Q%2Fref%3Dsxin_15_pa_sp_search_thematic_sspa%3Fcontent-id%3Damzn1.sym.cd33fa60-47cd-49f3-80b8-24b1f0cbef97%253Aamzn1.sym.cd33fa60-47cd-49f3-80b8-24b1f0cbef97%26crid%3DPM7POFW3ZNPI%26cv_ct_cx%3Dlaptop%26dib%3DeyJ2IjoiMSJ9.Q95PimrQUAL05NFxAa-5Lz100PXo2BPyNOR8XkghwxfNGylfngOWy9HU111UTkzosJCbQ4Fv3sTRUKclou7h8A._Ha86yPsROIwRB3ipHgVdlmEl-_UUjqGHXjafeb2Qs0%26dib_tag%3Dse%26keywords%3Dlaptop%26pd_rd_i%3DB09MM58Y7Q%26pd_rd_r%3Da3ad1a5c-bbae-473c-831f-6abbf07d6552%26pd_rd_w%3Dj875j%26pd_rd_wg%3DQkNDz%26pf_rd_p%3Dcd33fa60-47cd-49f3-80b8-24b1f0cbef97%26pf_rd_r%3DF13YZFW8DZZX2E8SKBB3%26qid%3D1727183583%26sbo%3DRZvfv%252F%252FHxDF%252BO5021pAnSA%253D%253D%26sprefix%3Dla%252Caps%252C628%26sr%3D1-3-ced4eeeb-b190-41d6-902a-1ecb3fb8b7c4-spons%26sp_csd%3Dd2lkZ2V0TmFtZT1zcF9zZWFyY2hfdGhlbWF0aWM%26psc%3D1
"Lenovo V15 12th Gen Intel Core i7-1235U 15.6"" FHD Thin and Light Laptop (16GB RAM/512GB SSD/Windows 11 Home/MS Office Home & Student 2021/Iron Grey/1.70 kg), 82TTA073IN  ","52,990",https://amazon.in//sspa/click?ie=UTF8&spc=MTo4MjM2ODc1NDgxNjI1NjE3OjE3MjcxODM1OTQ6c3BfbXRmOjMwMDM0MDk2Njg0OTQzMjo6MDo6&url=%2FLenovo-V15-i7-1235U-Windows-82TTA073IN%2Fdp%2FB0DDY3XT48%2Fref%3Dsr_1_44_sspa%3Fcrid%3DPM7POFW3ZNPI%26dib%3DeyJ2IjoiMSJ9.7Vi9acbaYbkaIQD63aJbAzommC3Ndeukh8-pm_dnzWAhc1Jx9sUBMB9LrL3Egz4AbTRCSVs6YKpd-y7336zUrEgTzZX3dtEQi-fsFi5w1dRJqzXAC2ya88NCuy3h88dqh_YZ3pjHnE7_oBURoYby2NQZr7yfcF4c1QQ-9rXUnzkSsp_dBJelTfBX7qR_nCw0ZJwtu4dtKhu2SZkK61v50ah224NNc3af_FtMeDk1Fm8.ljptegT0zyi1W6oJUoNQbt7scNCI_q-REKDMF7_LEjo%26dib_tag%3Dse%26keywords%3Dlaptop%26qid%3D1727183593%26sprefix%3Dla%252Caps%252C628%26sr%3D8-44-spons%26sp_csd%3Dd2lkZ2V0TmFtZT1zcF9tdGY%26psc%3D1
"Acer Aspire Lite 13th Gen Intel Core i3-1305U Thin and Light Premium Laptop (Windows 11 Home/8 GB RAM/512GB SSD/36 WHR) AL15-53 with 39.62cm (15.6"") Full HD Display, Metal Body, Steel Gray, 1.59 KG  ","33,990",https://amazon.in//Acer-i3-1305U-Premium-Windows-AL15-53/dp/B0DB1SDB87/ref=sr_1_45?crid=PM7POFW3ZNPI&dib=eyJ2IjoiMSJ9.7Vi9acbaYbkaIQD63aJbAzommC3Ndeukh8-pm_dnzWAhc1Jx9sUBMB9LrL3Egz4AbTRCSVs6YKpd-y7336zUrEgTzZX3dtEQi-fsFi5w1dRJqzXAC2ya88NCuy3h88dqh_YZ3pjHnE7_oBURoYby2NQZr7yfcF4c1QQ-9rXUnzkSsp_dBJelTfBX7qR_nCw0ZJwtu4dtKhu2SZkK61v50ah224NNc3af_FtMeDk1Fm8.ljptegT0zyi1W6oJUoNQbt7scNCI_q-REKDMF7_LEjo&dib_tag=se&keywords=laptop&qid=1727183593&sprefix=la%2Caps%2C628&sr=8-45
"Acer Aspire 3 Laptop Intel Core Celeron N4500 Processor Laptop (8 GB LPDDR4X SDRAM/512 GB SSD/Win11 Home/38 Whr/HD Webcam) A324-45 with 35.56 cm (14"") HD Display, Pure Silver, 1.3 KG  ","20,990",https://amazon.in//Acer-Celeron-Processor-LPDDR4X-A324-45/dp/B0D7PSTHRD/ref=sr_1_46?crid=PM7POFW3ZNPI&dib=eyJ2IjoiMSJ9.7Vi9acbaYbkaIQD63aJbAzommC3Ndeukh8-pm_dnzWAhc1Jx9sUBMB9LrL3Egz4AbTRCSVs6YKpd-y7336zUrEgTzZX3dtEQi-fsFi5w1dRJqzXAC2ya88NCuy3h88dqh_YZ3pjHnE7_oBURoYby2NQZr7yfcF4c1QQ-9rXUnzkSsp_dBJelTfBX7qR_nCw0ZJwtu4dtKhu2SZkK61v50ah224NNc3af_FtMeDk1Fm8.ljptegT0zyi1W6oJUoNQbt7scNCI_q-REKDMF7_LEjo&dib_tag=se&keywords=laptop&qid=1727183593&sprefix=la%2Caps%2C628&sr=8-46
"MSI Modern 14, Intel 12Th Gen. I3 1215U,36Cm Laptop(8Gb/512Gb Nvme Ssd/Windows 11 Home/Uhd Graphic/Classic Black/1.4Kg),C12Mo-1205In  ","28,990",https://amazon.in//MSI-Windows-Graphic-Classic-C12Mo-1205In/dp/B0D22L96QY/ref=sr_1_47?crid=PM7POFW3ZNPI&dib=eyJ2IjoiMSJ9.7Vi9acbaYbkaIQD63aJbAzommC3Ndeukh8-pm_dnzWAhc1Jx9sUBMB9LrL3Egz4AbTRCSVs6YKpd-y7336zUrEgTzZX3dtEQi-fsFi5w1dRJqzXAC2ya88NCuy3h88dqh_YZ3pjHnE7_oBURoYby2NQZr7yfcF4c1QQ-9rXUnzkSsp_dBJelTfBX7qR_nCw0ZJwtu4dtKhu2SZkK61v50ah224NNc3af_FtMeDk1Fm8.ljptegT0zyi1W6oJUoNQbt7scNCI_q-REKDMF7_LEjo&dib_tag=se&keywords=laptop&qid=1727183593&sprefix=la%2Caps%2C628&sr=8-47
"HP Laptop 15s, AMD Ryzen 3 5300U, 15.6-inch (39.6 cm), FHD, 8GB DDR4, 512GB SSD, AMD Radeon graphics, Thin & light, Dual speakers (Win 11, MSO 2021, Silver, 1.69 kg), eq2212AU  ","31,999",https://amazon.in//HP-Anti-Glare-Graphics-15s-eq2212AU/dp/B0BQN2HV46/ref=sr_1_48?crid=PM7POFW3ZNPI&dib=eyJ2IjoiMSJ9.7Vi9acbaYbkaIQD63aJbAzommC3Ndeukh8-pm_dnzWAhc1Jx9sUBMB9LrL3Egz4AbTRCSVs6YKpd-y7336zUrEgTzZX3dtEQi-fsFi5w1dRJqzXAC2ya88NCuy3h88dqh_YZ3pjHnE7_oBURoYby2NQZr7yfcF4c1QQ-9rXUnzkSsp_dBJelTfBX7qR_nCw0ZJwtu4dtKhu2SZkK61v50ah224NNc3af_FtMeDk1Fm8.ljptegT0zyi1W6oJUoNQbt7scNCI_q-REKDMF7_LEjo&dib_tag=se&keywords=laptop&qid=1727183593&sprefix=la%2Caps%2C628&sr=8-48
"Lenovo IdeaPad Slim 1 AMD Ryzen 5 5500U 15.6"" HD Thin and Light Laptop (16GB/512GB SSD/Integrated AMD Graphics/Windows 11 Home/MSO 21/1Yr ADP Free/Cloud Grey/1.61Kg), 82R400ERIN  ","39,990",https://amazon.in//Lenovo-IdeaPad-Laptop-Windows-82R400ERIN/dp/B0CP2KRYLM/ref=sr_1_49?crid=PM7POFW3ZNPI&dib=eyJ2IjoiMSJ9.7Vi9acbaYbkaIQD63aJbAzommC3Ndeukh8-pm_dnzWAhc1Jx9sUBMB9LrL3Egz4AbTRCSVs6YKpd-y7336zUrEgTzZX3dtEQi-fsFi5w1dRJqzXAC2ya88NCuy3h88dqh_YZ3pjHnE7_oBURoYby2NQZr7yfcF4c1QQ-9rXUnzkSsp_dBJelTfBX7qR_nCw0ZJwtu4dtKhu2SZkK61v50ah224NNc3af_FtMeDk1Fm8.ljptegT0zyi1W6oJUoNQbt7scNCI_q-REKDMF7_LEjo&dib_tag=se&keywords=laptop&qid=1727183593&sprefix=la%2Caps%2C628&sr=8-49
"ASUS Vivobook 16, IntelCore i3-1215U 12th Gen, Thin and Light Laptop, 16-inch (40.64 cm) FHD+, (8 GB RAM/512GB SSD/Windows 11/Fingerprint/Black/1.88kg), X1605ZAB-MB322WS  ","35,990",https://amazon.in//ASUS-Vivobook-Intel%C2%AECoreTM-FingerPrint-X1605ZAB-MB322WS/dp/B0CFVYSZFG/ref=sr_1_50?crid=PM7POFW3ZNPI&dib=eyJ2IjoiMSJ9.7Vi9acbaYbkaIQD63aJbAzommC3Ndeukh8-pm_dnzWAhc1Jx9sUBMB9LrL3Egz4AbTRCSVs6YKpd-y7336zUrEgTzZX3dtEQi-fsFi5w1dRJqzXAC2ya88NCuy3h88dqh_YZ3pjHnE7_oBURoYby2NQZr7yfcF4c1QQ-9rXUnzkSsp_dBJelTfBX7qR_nCw0ZJwtu4dtKhu2SZkK61v50ah224NNc3af_FtMeDk1Fm8.ljptegT0zyi1W6oJUoNQbt7scNCI_q-REKDMF7_LEjo&dib_tag=se&keywords=laptop&qid=1727183593&sprefix=la%2Caps%2C628&sr=8-50
"HP Laptop 15,12th Gen Intel Core i3-1215U,15.6 inch(39.6 cm),FHD,Anti-Glare,8 GB DDR4,512 GB SSD,Windows 11,MSO,Dual Speakers,1.69 kg,Natural Silver,15s-fq5326TU  ","36,490",https://amazon.in//HP-i3-1215U-Anti-Glare-Speakers-15s-fq5326TU/dp/B0CYQ257C1/ref=sr_1_51?crid=PM7POFW3ZNPI&dib=eyJ2IjoiMSJ9.7Vi9acbaYbkaIQD63aJbAzommC3Ndeukh8-pm_dnzWAhc1Jx9sUBMB9LrL3Egz4AbTRCSVs6YKpd-y7336zUrEgTzZX3dtEQi-fsFi5w1dRJqzXAC2ya88NCuy3h88dqh_YZ3pjHnE7_oBURoYby2NQZr7yfcF4c1QQ-9rXUnzkSsp_dBJelTfBX7qR_nCw0ZJwtu4dtKhu2SZkK61v50ah224NNc3af_FtMeDk1Fm8.ljptegT0zyi1W6oJUoNQbt7scNCI_q-REKDMF7_LEjo&dib_tag=se&keywords=laptop&qid=1727183593&sprefix=la%2Caps%2C628&sr=8-51
"Lenovo IdeaPad 1 Intel Core Celeron N4020 14"" HD Thin and Light Laptop (4GB/256GB SDD/Windows 11 Home/1Yr ADP Free/Cloud Grey/1.3Kg), 82V6005CIN  ","18,990",https://amazon.in//Lenovo-IdeaPad-Celeron-Warranty-82V6005CIN/dp/B0C864DPY2/ref=sr_1_52?crid=PM7POFW3ZNPI&dib=eyJ2IjoiMSJ9.7Vi9acbaYbkaIQD63aJbAzommC3Ndeukh8-pm_dnzWAhc1Jx9sUBMB9LrL3Egz4AbTRCSVs6YKpd-y7336zUrEgTzZX3dtEQi-fsFi5w1dRJqzXAC2ya88NCuy3h88dqh_YZ3pjHnE7_oBURoYby2NQZr7yfcF4c1QQ-9rXUnzkSsp_dBJelTfBX7qR_nCw0ZJwtu4dtKhu2SZkK61v50ah224NNc3af_FtMeDk1Fm8.ljptegT0zyi1W6oJUoNQbt7scNCI_q-REKDMF7_LEjo&dib_tag=se&keywords=laptop&qid=1727183593&sprefix=la%2Caps%2C628&sr=8-52
"Dell [Smartchoice] Core i3-1215U, 12th Gen (8GB RAM/512GB SSD/FHD/Window 11/MS Office' 21/15""(38 cm)/15 Month McAfee/Black/1.48kg Laptop  ","34,990",https://amazon.in//sspa/click?ie=UTF8&spc=MTo4MjM2ODc1NDgxNjI1NjE3OjE3MjcxODM1OTQ6c3BfYnRmOjMwMDE3NTY3OTUwNzUzMjo6MDo6&url=%2FDell-Smartchoice-i3-1215U-Processor-Spill-Resistant%2Fdp%2FB0BQJ68HHC%2Fref%3Dsr_1_53_sspa%3Fcrid%3DPM7POFW3ZNPI%26dib%3DeyJ2IjoiMSJ9.7Vi9acbaYbkaIQD63aJbAzommC3Ndeukh8-pm_dnzWAhc1Jx9sUBMB9LrL3Egz4AbTRCSVs6YKpd-y7336zUrEgTzZX3dtEQi-fsFi5w1dRJqzXAC2ya88NCuy3h88dqh_YZ3pjHnE7_oBURoYby2NQZr7yfcF4c1QQ-9rXUnzkSsp_dBJelTfBX7qR_nCw0ZJwtu4dtKhu2SZkK61v50ah224NNc3af_FtMeDk1Fm8.ljptegT0zyi1W6oJUoNQbt7scNCI_q-REKDMF7_LEjo%26dib_tag%3Dse%26keywords%3Dlaptop%26qid%3D1727183593%26sprefix%3Dla%252Caps%252C628%26sr%3D8-53-spons%26sp_csd%3Dd2lkZ2V0TmFtZT1zcF9idGY%26psc%3D1
"ASUS Vivobook 16 (2023)Thin & Light Laptop,Intel Core i9-13900H 13th Gen, 16"" (40.64 cm) FHD+(16GB RAM/512GB SSD/Intel Iris Xe/Win 11/Office 2021/Backlit KB/Fingerprint/Black/1.88 kg) X1605VA-MB947WS  ","84,990",https://amazon.in//sspa/click?ie=UTF8&spc=MTo1MjMxOTI3Mjg0NjIwNzEzOjE3MjcxODM1ODM6c3Bfc2VhcmNoX3RoZW1hdGljOjMwMDE2Njk0MTUwNTgzMjo6Mzo6&url=%2FASUS-Vivobook-i9-13900H-Fingerprint-X1605VA-MB947WS%2Fdp%2FB0CHMZRC89%2Fref%3Dsxin_15_pa_sp_search_thematic_sspa%3Fcontent-id%3Damzn1.sym.cd33fa60-47cd-49f3-80b8-24b1f0cbef97%253Aamzn1.sym.cd33fa60-47cd-49f3-80b8-24b1f0cbef97%26crid%3DPM7POFW3ZNPI%26cv_ct_cx%3Dlaptop%26dib%3DeyJ2IjoiMSJ9.Q95PimrQUAL05NFxAa-5Lz100PXo2BPyNOR8XkghwxfNGylfngOWy9HU111UTkzosJCbQ4Fv3sTRUKclou7h8A._Ha86yPsROIwRB3ipHgVdlmEl-_UUjqGHXjafeb2Qs0%26dib_tag%3Dse%26keywords%3Dlaptop%26pd_rd_i%3DB0CHMZRC89%26pd_rd_r%3Da3ad1a5c-bbae-473c-831f-6abbf07d6552%26pd_rd_w%3Dj875j%26pd_rd_wg%3DQkNDz%26pf_rd_p%3Dcd33fa60-47cd-49f3-80b8-24b1f0cbef97%26pf_rd_r%3DF13YZFW8DZZX2E8SKBB3%26qid%3D1727183583%26sbo%3DRZvfv%252F%252FHxDF%252BO5021pAnSA%253D%253D%26sprefix%3Dla%252Caps%252C628%26sr%3D1-4-ced4eeeb-b190-41d6-902a-1ecb3fb8b7c4-spons%26sp_csd%3Dd2lkZ2V0TmFtZT1zcF9zZWFyY2hfdGhlbWF0aWM%26psc%3D1
"HP Laptop 14, Intel Core Ultra 5 125H, Built-in AI, 14-inch (35.6 cm), FHD, 16GB DDR5, 512GB SSD, Intel Arc Graphics, 1080p FHD Camera w/Privacy Shutter, Backlit KB (Win 11, Silver, 1.4 kg), gr1022TU  ","70,490",https://amazon.in//sspa/click?ie=UTF8&spc=MTo4MjM2ODc1NDgxNjI1NjE3OjE3MjcxODM1OTQ6c3BfYnRmOjMwMDM0MjQ3NzY5ODEzMjo6MDo6&url=%2FHP-14-inch-Graphics-Privacy-gr1022TU%2Fdp%2FB0D8J8H131%2Fref%3Dsr_1_54_sspa%3Fcrid%3DPM7POFW3ZNPI%26dib%3DeyJ2IjoiMSJ9.7Vi9acbaYbkaIQD63aJbAzommC3Ndeukh8-pm_dnzWAhc1Jx9sUBMB9LrL3Egz4AbTRCSVs6YKpd-y7336zUrEgTzZX3dtEQi-fsFi5w1dRJqzXAC2ya88NCuy3h88dqh_YZ3pjHnE7_oBURoYby2NQZr7yfcF4c1QQ-9rXUnzkSsp_dBJelTfBX7qR_nCw0ZJwtu4dtKhu2SZkK61v50ah224NNc3af_FtMeDk1Fm8.ljptegT0zyi1W6oJUoNQbt7scNCI_q-REKDMF7_LEjo%26dib_tag%3Dse%26keywords%3Dlaptop%26qid%3D1727183593%26sprefix%3Dla%252Caps%252C628%26sr%3D8-54-spons%26sp_csd%3Dd2lkZ2V0TmFtZT1zcF9idGY%26psc%3D1
"ASUS Zenbook 14, Intel Core Ultra 5, 14"" 3K OLED 16:10 120 Hz, Thin & Light Laptop, Built-in AI (16GB RAM/1 TB//Win 11/Office 2021/Backlit/Touchscreen/75WHr /Ponder Blue/1.28 Kg), UX3405MA-PZ552WS  ","1,07,990",https://amazon.in//sspa/click?ie=UTF8&spc=MTo1NTQ1OTU5NTA5MDQzMTI3OjE3MjcxODM1OTY6c3BfYXRmX25leHQ6MzAwMjUwODM5NTIwNDMyOjowOjo&url=%2FASUS-Zenbook-Intel-Ultra-Built%2Fdp%2FB0D89NT6VZ%2Fref%3Dsr_1_49_sspa%3Fcrid%3DPM7POFW3ZNPI%26dib%3DeyJ2IjoiMSJ9.I9OCwdLhIoeXyNL2KgqasNKl_MRpptKwoCGPkIeUwKdSG-H1EJ2f5W4FpuRdM5e3_ayijZLYebMeCbkhefzn3eA1TMnoNJo90n8pTkb7kBPnnw1Fo2SPEuDQ4J6fNu54p9PBhnUtoySuiQEVp8rkUdTlS10xNf9RInmqx64eGq7kBB7QnKvFBp2r-u3njxbJj-VdKa_CkJpJcnjL2pkAlBUCEgzkRMX4yJ-dS6bzXS0.2aya8xtjdumZNrwm5gZO3Ap01Hgi9XLfcPUrsf5rj7U%26dib_tag%3Dse%26keywords%3Dlaptop%26qid%3D1727183596%26sprefix%3Dla%252Caps%252C628%26sr%3D8-49-spons%26sp_csd%3Dd2lkZ2V0TmFtZT1zcF9hdGZfbmV4dA%26psc%3D1
"HONOR MagicBook X16 Pro 2024, 13th Gen Intel Core i5-13420H (8GB/512GB NVMe SSD, 16-inch (40.64 cm) FHD IPS Anti-Glare Thin and Light Laptop/Windows 11/Backlit Keyboard/Fingerprint/1.75Kg), Gray  ","46,990",https://amazon.in//sspa/click?ie=UTF8&spc=MTo1NTQ1OTU5NTA5MDQzMTI3OjE3MjcxODM1OTY6c3BfYXRmX25leHQ6MzAwMTY2ODA4NTAwNjMyOjowOjo&url=%2FMagicBook-i5-13420H-Anti-Glare-Keyboard-Fingerprint%2Fdp%2FB0CXLVKNVB%2Fref%3Dsr_1_50_sspa%3Fcrid%3DPM7POFW3ZNPI%26dib%3DeyJ2IjoiMSJ9.I9OCwdLhIoeXyNL2KgqasNKl_MRpptKwoCGPkIeUwKdSG-H1EJ2f5W4FpuRdM5e3_ayijZLYebMeCbkhefzn3eA1TMnoNJo90n8pTkb7kBPnnw1Fo2SPEuDQ4J6fNu54p9PBhnUtoySuiQEVp8rkUdTlS10xNf9RInmqx64eGq7kBB7QnKvFBp2r-u3njxbJj-VdKa_CkJpJcnjL2pkAlBUCEgzkRMX4yJ-dS6bzXS0.2aya8xtjdumZNrwm5gZO3Ap01Hgi9XLfcPUrsf5rj7U%26dib_tag%3Dse%26keywords%3Dlaptop%26qid%3D1727183596%26sprefix%3Dla%252Caps%252C628%26sr%3D8-50-spons%26sp_csd%3Dd2lkZ2V0TmFtZT1zcF9hdGZfbmV4dA%26psc%3D1
"Lenovo V14 G3 (2024), Intel Core i3 12th Gen 1215U - (8GB/512GB SSD/Intel Integrated UHD Graphics/Windows 11 Pro) Thin and Light Business Laptop/14.0"" FHD Display/Iron Grey/1.57 kg/MS Office 2021  ","31,980",https://amazon.in//Lenovo-V14-G3-Intel-1215U/dp/B0DGKZPWV5/ref=sr_1_51?crid=PM7POFW3ZNPI&dib=eyJ2IjoiMSJ9.I9OCwdLhIoeXyNL2KgqasNKl_MRpptKwoCGPkIeUwKdSG-H1EJ2f5W4FpuRdM5e3_ayijZLYebMeCbkhefzn3eA1TMnoNJo90n8pTkb7kBPnnw1Fo2SPEuDQ4J6fNu54p9PBhnUtoySuiQEVp8rkUdTlS10xNf9RInmqx64eGq7kBB7QnKvFBp2r-u3njxbJj-VdKa_CkJpJcnjL2pkAlBUCEgzkRMX4yJ-dS6bzXS0.2aya8xtjdumZNrwm5gZO3Ap01Hgi9XLfcPUrsf5rj7U&dib_tag=se&keywords=laptop&qid=1727183596&sprefix=la%2Caps%2C628&sr=8-51
"HP [Windows 11 Home] 255 G8 Notebook, 15.6'' HD Display, AMD Athlon 3020e Processor, 8GB Memory, 256GB SSD, Wi-Fi, Bluetooth, Type-C Port, RJ-45 Port, Black  ","20,800",https://amazon.in//HP-255-G8-Processor-Bluetooth/dp/B0B6LCJ3FD/ref=sr_1_52?crid=PM7POFW3ZNPI&dib=eyJ2IjoiMSJ9.I9OCwdLhIoeXyNL2KgqasNKl_MRpptKwoCGPkIeUwKdSG-H1EJ2f5W4FpuRdM5e3_ayijZLYebMeCbkhefzn3eA1TMnoNJo90n8pTkb7kBPnnw1Fo2SPEuDQ4J6fNu54p9PBhnUtoySuiQEVp8rkUdTlS10xNf9RInmqx64eGq7kBB7QnKvFBp2r-u3njxbJj-VdKa_CkJpJcnjL2pkAlBUCEgzkRMX4yJ-dS6bzXS0.2aya8xtjdumZNrwm5gZO3Ap01Hgi9XLfcPUrsf5rj7U&dib_tag=se&keywords=laptop&qid=1727183596&sprefix=la%2Caps%2C628&sr=8-52
"(Refurbished) Lenovo ThinkPad P50 Intel Core i7-6820HQ Quad Core Processor Nvidia M1000M 2GB Graphic Laptop (16 GB DDR4 RAM/512 GB SSD/15.6"" (39.62 cm) FHD (1080p)/Windows 10/WiFi/Bluetooth/Webcam)  ","27,800",https://amazon.in//Refurbished-Lenovo-i7-6820HQ-Processor-Bluetooth/dp/B0D9KP134W/ref=sr_1_53?crid=PM7POFW3ZNPI&dib=eyJ2IjoiMSJ9.I9OCwdLhIoeXyNL2KgqasNKl_MRpptKwoCGPkIeUwKdSG-H1EJ2f5W4FpuRdM5e3_ayijZLYebMeCbkhefzn3eA1TMnoNJo90n8pTkb7kBPnnw1Fo2SPEuDQ4J6fNu54p9PBhnUtoySuiQEVp8rkUdTlS10xNf9RInmqx64eGq7kBB7QnKvFBp2r-u3njxbJj-VdKa_CkJpJcnjL2pkAlBUCEgzkRMX4yJ-dS6bzXS0.2aya8xtjdumZNrwm5gZO3Ap01Hgi9XLfcPUrsf5rj7U&dib_tag=se&keywords=laptop&qid=1727183596&sprefix=la%2Caps%2C628&sr=8-53
"Acer ALG 12th Gen Intel Core i5 Gaming Laptop (16GB RAM/1TB SSD/6GB RTX 3050 Graphics/144Hz/Win11Home/Wifi 6) AL15G-52, 39.62cm (15.6 inch) FHD Display, Premium Metal Body, Steel Gray, 1.99KG  ","65,990",https://amazon.in//sspa/click?ie=UTF8&spc=MTo4OTYyMjE2ODg3ODk5NTIzOjE3MjcxODM1OTY6c3Bfc2VhcmNoX3RoZW1hdGljOjMwMDI4MTUwMDA4OTMzMjo6MDo6&url=%2FAcer-Graphics-Win11Home-AL15G-52-39-62cm%2Fdp%2FB0D32QRT3L%2Fref%3Dsxin_15_pa_sp_search_thematic_sspa%3Fcontent-id%3Damzn1.sym.59126330-c308-4c36-a5a0-21cac002681f%253Aamzn1.sym.59126330-c308-4c36-a5a0-21cac002681f%26crid%3DPM7POFW3ZNPI%26cv_ct_cx%3Dlaptop%26dib%3DeyJ2IjoiMSJ9.zmuBhI0IYn2Zmt0VM_xpBbCA7nVm7T_8BeUH0sie3JyvD7Bqdsqp_f5UF7hosh2H.SJqTdP2olqVzzRKcgXg_YB1ZBzaPGZYzRZ1WwgkrDRs%26dib_tag%3Dse%26keywords%3Dlaptop%26pd_rd_i%3DB0D32QRT3L%26pd_rd_r%3Daebe26e8-f7c5-44fd-b269-74fedbde7dd4%26pd_rd_w%3Dt2sXB%26pd_rd_wg%3DCm71B%26pf_rd_p%3D59126330-c308-4c36-a5a0-21cac002681f%26pf_rd_r%3DTQAZ4WDK7P22VAG11TXA%26qid%3D1727183596%26sbo%3DRZvfv%252F%252FHxDF%252BO5021pAnSA%253D%253D%26sprefix%3Dla%252Caps%252C628%26sr%3D1-49-2ec22325-1003-449d-8aaf-c0bcc24717ae-spons%26sp_csd%3Dd2lkZ2V0TmFtZT1zcF9zZWFyY2hfdGhlbWF0aWM%26psc%3D1
"HP Laptop 15s, 12th Gen Intel Core i3-1215U, 15.6-inch (39.6 cm), FHD, 8GB DDR4, 512GB SSD, Intel UHD Graphics, 720p HD Camera, Thin & Light, Dual Speakers (Win 11, Silver, 1.69 kg), fy5011TU  ","37,490",https://amazon.in//sspa/click?ie=UTF8&spc=MTo4OTYyMjE2ODg3ODk5NTIzOjE3MjcxODM1OTY6c3Bfc2VhcmNoX3RoZW1hdGljOjMwMDI4MTczODczNDczMjo6Mjo6&url=%2FHP-i3-1215U-15-6-inch-Graphics-Speakers%2Fdp%2FB0D4LZMJ5Z%2Fref%3Dsxin_15_pa_sp_search_thematic_sspa%3Fcontent-id%3Damzn1.sym.59126330-c308-4c36-a5a0-21cac002681f%253Aamzn1.sym.59126330-c308-4c36-a5a0-21cac002681f%26crid%3DPM7POFW3ZNPI%26cv_ct_cx%3Dlaptop%26dib%3DeyJ2IjoiMSJ9.zmuBhI0IYn2Zmt0VM_xpBbCA7nVm7T_8BeUH0sie3JyvD7Bqdsqp_f5UF7hosh2H.SJqTdP2olqVzzRKcgXg_YB1ZBzaPGZYzRZ1WwgkrDRs%26dib_tag%3Dse%26keywords%3Dlaptop%26pd_rd_i%3DB0D4LZMJ5Z%26pd_rd_r%3Daebe26e8-f7c5-44fd-b269-74fedbde7dd4%26pd_rd_w%3Dt2sXB%26pd_rd_wg%3DCm71B%26pf_rd_p%3D59126330-c308-4c36-a5a0-21cac002681f%26pf_rd_r%3DTQAZ4WDK7P22VAG11TXA%26qid%3D1727183596%26sbo%3DRZvfv%252F%252FHxDF%252BO5021pAnSA%253D%253D%26sprefix%3Dla%252Caps%252C628%26sr%3D1-50-2ec22325-1003-449d-8aaf-c0bcc24717ae-spons%26sp_csd%3Dd2lkZ2V0TmFtZT1zcF9zZWFyY2hfdGhlbWF0aWM%26psc%3D1
"Lenovo IdeaPad Gaming 3 AMD Ryzen 5 7535HS 15.6"" (39.62cm) FHD IPS 120Hz Gaming Laptop (16GB/512GB SSD/Win11/Office/NVIDIA RTX 3050 6GB/Backlit KB/Alexa/3 Month Game Pass/Onyx Grey/2.32Kg), 82SB00M6IN  ","62,990",https://amazon.in//sspa/click?ie=UTF8&spc=MTo4OTYyMjE2ODg3ODk5NTIzOjE3MjcxODM1OTY6c3Bfc2VhcmNoX3RoZW1hdGljOjMwMDM0MTI3NzY0OTUzMjo6Mzo6&url=%2FLenovo-IdeaPad-39-62cm-Backlit-82SB00M6IN%2Fdp%2FB0CKZ78X2M%2Fref%3Dsxin_15_pa_sp_search_thematic_sspa%3Fcontent-id%3Damzn1.sym.59126330-c308-4c36-a5a0-21cac002681f%253Aamzn1.sym.59126330-c308-4c36-a5a0-21cac002681f%26crid%3DPM7POFW3ZNPI%26cv_ct_cx%3Dlaptop%26dib%3DeyJ2IjoiMSJ9.zmuBhI0IYn2Zmt0VM_xpBbCA7nVm7T_8BeUH0sie3JyvD7Bqdsqp_f5UF7hosh2H.SJqTdP2olqVzzRKcgXg_YB1ZBzaPGZYzRZ1WwgkrDRs%26dib_tag%3Dse%26keywords%3Dlaptop%26pd_rd_i%3DB0CKZ78X2M%26pd_rd_r%3Daebe26e8-f7c5-44fd-b269-74fedbde7dd4%26pd_rd_w%3Dt2sXB%26pd_rd_wg%3DCm71B%26pf_rd_p%3D59126330-c308-4c36-a5a0-21cac002681f%26pf_rd_r%3DTQAZ4WDK7P22VAG11TXA%26qid%3D1727183596%26sbo%3DRZvfv%252F%252FHxDF%252BO5021pAnSA%253D%253D%26sprefix%3Dla%252Caps%252C628%26sr%3D1-51-2ec22325-1003-449d-8aaf-c0bcc24717ae-spons%26sp_csd%3Dd2lkZ2V0TmFtZT1zcF9zZWFyY2hfdGhlbWF0aWM%26psc%3D1
"Primebook 4G, 2024(New, WiFi+4G) Android Based MediaTek MT8788 - (PrimeOS) 4G SIM Slot, Thin and Light Laptop (11.6 Inch, 1.065 Kg, Type C, USB, HDMI, MicroSD) (4GB/64GB eMMC Storage, Black)  ","14,990",https://amazon.in//sspa/click?ie=UTF8&spc=MTo4OTYyMjE2ODg3ODk5NTIzOjE3MjcxODM1OTY6c3Bfc2VhcmNoX3RoZW1hdGljOjMwMDIxMzY3MzA2MzIzMjo6NDo6&url=%2FPrimebook-Android-Based-MediaTek-MT8788%2Fdp%2FB0D1Y3MVGL%2Fref%3Dsxin_15_pa_sp_search_thematic_sspa%3Fcontent-id%3Damzn1.sym.59126330-c308-4c36-a5a0-21cac002681f%253Aamzn1.sym.59126330-c308-4c36-a5a0-21cac002681f%26crid%3DPM7POFW3ZNPI%26cv_ct_cx%3Dlaptop%26dib%3DeyJ2IjoiMSJ9.zmuBhI0IYn2Zmt0VM_xpBbCA7nVm7T_8BeUH0sie3JyvD7Bqdsqp_f5UF7hosh2H.SJqTdP2olqVzzRKcgXg_YB1ZBzaPGZYzRZ1WwgkrDRs%26dib_tag%3Dse%26keywords%3Dlaptop%26pd_rd_i%3DB0D1Y3MVGL%26pd_rd_r%3Daebe26e8-f7c5-44fd-b269-74fedbde7dd4%26pd_rd_w%3Dt2sXB%26pd_rd_wg%3DCm71B%26pf_rd_p%3D59126330-c308-4c36-a5a0-21cac002681f%26pf_rd_r%3DTQAZ4WDK7P22VAG11TXA%26qid%3D1727183596%26sbo%3DRZvfv%252F%252FHxDF%252BO5021pAnSA%253D%253D%26sprefix%3Dla%252Caps%252C628%26sr%3D1-52-2ec22325-1003-449d-8aaf-c0bcc24717ae-spons%26sp_csd%3Dd2lkZ2V0TmFtZT1zcF9zZWFyY2hfdGhlbWF0aWM%26psc%3D1
"Dell {Smartchoice} G15-5530 Core i5-13450HX| NVIDIA RTX 3050, 6GB (16GB RAM|1TB SSD, FHD|Window 11|MS Office' 21|15.6"" (39.62cm)|Dark Shadow Grey|2.65Kg|Gaming Laptop  ","74,990",https://amazon.in//sspa/click?ie=UTF8&spc=MTo1MjMxOTI3Mjg0NjIwNzEzOjE3MjcxODM1ODM6c3Bfc2VhcmNoX3RoZW1hdGljOjMwMDMzMzcyNzA4MTkzMjo6NDo6&url=%2FDell-Smartchoice-G15-5530-Gaming-i5-13450HX%2Fdp%2FB0CRKXDX83%2Fref%3Dsxin_15_pa_sp_search_thematic_sspa%3Fcontent-id%3Damzn1.sym.cd33fa60-47cd-49f3-80b8-24b1f0cbef97%253Aamzn1.sym.cd33fa60-47cd-49f3-80b8-24b1f0cbef97%26crid%3DPM7POFW3ZNPI%26cv_ct_cx%3Dlaptop%26dib%3DeyJ2IjoiMSJ9.Q95PimrQUAL05NFxAa-5Lz100PXo2BPyNOR8XkghwxfNGylfngOWy9HU111UTkzosJCbQ4Fv3sTRUKclou7h8A._Ha86yPsROIwRB3ipHgVdlmEl-_UUjqGHXjafeb2Qs0%26dib_tag%3Dse%26keywords%3Dlaptop%26pd_rd_i%3DB0CRKXDX83%26pd_rd_r%3Da3ad1a5c-bbae-473c-831f-6abbf07d6552%26pd_rd_w%3Dj875j%26pd_rd_wg%3DQkNDz%26pf_rd_p%3Dcd33fa60-47cd-49f3-80b8-24b1f0cbef97%26pf_rd_r%3DF13YZFW8DZZX2E8SKBB3%26qid%3D1727183583%26sbo%3DRZvfv%252F%252FHxDF%252BO5021pAnSA%253D%253D%26sprefix%3Dla%252Caps%252C628%26sr%3D1-5-ced4eeeb-b190-41d6-902a-1ecb3fb8b7c4-spons%26sp_csd%3Dd2lkZ2V0TmFtZT1zcF9zZWFyY2hfdGhlbWF0aWM%26psc%3D1
"Lenovo V15 12th Gen Intel Core i7-1235U 15.6"" FHD Thin and Light Laptop (16GB RAM/512GB SSD/Windows 11 Home/MS Office Home & Student 2021/Iron Grey/1.70 kg), 82TTA073IN  ","52,990",https://amazon.in//Lenovo-V15-i7-1235U-Windows-82TTA073IN/dp/B0DDY3XT48/ref=sr_1_54?crid=PM7POFW3ZNPI&dib=eyJ2IjoiMSJ9.I9OCwdLhIoeXyNL2KgqasNKl_MRpptKwoCGPkIeUwKdSG-H1EJ2f5W4FpuRdM5e3_ayijZLYebMeCbkhefzn3eA1TMnoNJo90n8pTkb7kBPnnw1Fo2SPEuDQ4J6fNu54p9PBhnUtoySuiQEVp8rkUdTlS10xNf9RInmqx64eGq7kBB7QnKvFBp2r-u3njxbJj-VdKa_CkJpJcnjL2pkAlBUCEgzkRMX4yJ-dS6bzXS0.2aya8xtjdumZNrwm5gZO3Ap01Hgi9XLfcPUrsf5rj7U&dib_tag=se&keywords=laptop&qid=1727183596&sprefix=la%2Caps%2C628&sr=8-54
"Lenovo V14 G3 Laptop (Intel Core i5/ 12th Gen/ 8GB RAM/ 512GB SSD/DOS/ 14"" Inch), Arctic Grey, 1 Year Service Center Carry in Warranty  ","36,840",https://amazon.in//Lenovo-Laptop-Arctic-Service-Warranty/dp/B0DG9CKJ9P/ref=sr_1_55?crid=PM7POFW3ZNPI&dib=eyJ2IjoiMSJ9.I9OCwdLhIoeXyNL2KgqasNKl_MRpptKwoCGPkIeUwKdSG-H1EJ2f5W4FpuRdM5e3_ayijZLYebMeCbkhefzn3eA1TMnoNJo90n8pTkb7kBPnnw1Fo2SPEuDQ4J6fNu54p9PBhnUtoySuiQEVp8rkUdTlS10xNf9RInmqx64eGq7kBB7QnKvFBp2r-u3njxbJj-VdKa_CkJpJcnjL2pkAlBUCEgzkRMX4yJ-dS6bzXS0.2aya8xtjdumZNrwm5gZO3Ap01Hgi9XLfcPUrsf5rj7U&dib_tag=se&keywords=laptop&qid=1727183596&sprefix=la%2Caps%2C628&sr=8-55
"Lenovo IdeaPad Slim 3 Intel Core i3 12th Gen 15.6"" (39.62cm) FHD Thin & Light Laptop (8GB/512GB SSD/Windows 11/Office 2021/1Yr ADP Free/3months Game Pass/Arctic Grey/1.63Kg), 82RK00VTIN  ","34,990",https://amazon.in//Lenovo-IdeaPad-39-62cm-Warranty-82RK006DIN/dp/B0B4JPC8GT/ref=sr_1_56?crid=PM7POFW3ZNPI&dib=eyJ2IjoiMSJ9.I9OCwdLhIoeXyNL2KgqasNKl_MRpptKwoCGPkIeUwKdSG-H1EJ2f5W4FpuRdM5e3_ayijZLYebMeCbkhefzn3eA1TMnoNJo90n8pTkb7kBPnnw1Fo2SPEuDQ4J6fNu54p9PBhnUtoySuiQEVp8rkUdTlS10xNf9RInmqx64eGq7kBB7QnKvFBp2r-u3njxbJj-VdKa_CkJpJcnjL2pkAlBUCEgzkRMX4yJ-dS6bzXS0.2aya8xtjdumZNrwm5gZO3Ap01Hgi9XLfcPUrsf5rj7U&dib_tag=se&keywords=laptop&qid=1727183596&sprefix=la%2Caps%2C628&sr=8-56
"Lenovo IdeaPad Slim 3 12th Gen Intel Core i3-1215U 14 Inch (35.5cm) FHD Thin & Light Laptop (8GB/512GB SSD/Windows 11/Office 2021/3months Game Pass/Arctic Grey/1.43Kg), 82RJ00FGIN  ","33,990",https://amazon.in//Lenovo-IdeaPad-i3-1215U-Windows-82RJ00FGIN/dp/B0D7ZZGWLB/ref=sr_1_57?crid=PM7POFW3ZNPI&dib=eyJ2IjoiMSJ9.I9OCwdLhIoeXyNL2KgqasNKl_MRpptKwoCGPkIeUwKdSG-H1EJ2f5W4FpuRdM5e3_ayijZLYebMeCbkhefzn3eA1TMnoNJo90n8pTkb7kBPnnw1Fo2SPEuDQ4J6fNu54p9PBhnUtoySuiQEVp8rkUdTlS10xNf9RInmqx64eGq7kBB7QnKvFBp2r-u3njxbJj-VdKa_CkJpJcnjL2pkAlBUCEgzkRMX4yJ-dS6bzXS0.2aya8xtjdumZNrwm5gZO3Ap01Hgi9XLfcPUrsf5rj7U&dib_tag=se&keywords=laptop&qid=1727183596&sprefix=la%2Caps%2C628&sr=8-57
"HP Victus Gaming Laptop, 12th Gen Intel Core i5-12450H,4GB RTX 2050 GPU,15.6-inch(39.6 cm),FHD,IPS,144Hz,16GB DDR4,512GB SSD,Backlit KB,MSO,B&O,9ms Response time(Blue, 2.29 kg),fa1373TX/fa1227TX  ","58,841",https://amazon.in//HP-i5-12450H-15-6-inch-Response-fa1373TX/dp/B0D2DDJ6PJ/ref=sr_1_58?crid=PM7POFW3ZNPI&dib=eyJ2IjoiMSJ9.I9OCwdLhIoeXyNL2KgqasNKl_MRpptKwoCGPkIeUwKdSG-H1EJ2f5W4FpuRdM5e3_ayijZLYebMeCbkhefzn3eA1TMnoNJo90n8pTkb7kBPnnw1Fo2SPEuDQ4J6fNu54p9PBhnUtoySuiQEVp8rkUdTlS10xNf9RInmqx64eGq7kBB7QnKvFBp2r-u3njxbJj-VdKa_CkJpJcnjL2pkAlBUCEgzkRMX4yJ-dS6bzXS0.2aya8xtjdumZNrwm5gZO3Ap01Hgi9XLfcPUrsf5rj7U&dib_tag=se&keywords=laptop&qid=1727183596&sprefix=la%2Caps%2C628&sr=8-58
"ASUS Vivobook S 16 OLED (2024), 16 ""(40.64cm) 3.2K OLED 16:10 120Hz, Intel Core Ultra 5 125H, Thin and Light Laptop (16GB LPDDR5X/1TB SSD/Intel Arc Graphics/Win11/Mist Blue/1.50 Kg), S5606MA-MX551WS  ","1,02,990",https://amazon.in//sspa/click?ie=UTF8&spc=MTo1NTQ1OTU5NTA5MDQzMTI3OjE3MjcxODM1OTY6c3BfbXRmOjMwMDI4Mjc5MTUxODgzMjo6MDo6&url=%2FASUS-Vivobook-OLED-40-64cm-3-2K%2Fdp%2FB09T95ZTBP%2Fref%3Dsr_1_59_sspa%3Fcrid%3DPM7POFW3ZNPI%26dib%3DeyJ2IjoiMSJ9.I9OCwdLhIoeXyNL2KgqasNKl_MRpptKwoCGPkIeUwKdSG-H1EJ2f5W4FpuRdM5e3_ayijZLYebMeCbkhefzn3eA1TMnoNJo90n8pTkb7kBPnnw1Fo2SPEuDQ4J6fNu54p9PBhnUtoySuiQEVp8rkUdTlS10xNf9RInmqx64eGq7kBB7QnKvFBp2r-u3njxbJj-VdKa_CkJpJcnjL2pkAlBUCEgzkRMX4yJ-dS6bzXS0.2aya8xtjdumZNrwm5gZO3Ap01Hgi9XLfcPUrsf5rj7U%26dib_tag%3Dse%26keywords%3Dlaptop%26qid%3D1727183596%26sprefix%3Dla%252Caps%252C628%26sr%3D8-59-spons%26sp_csd%3Dd2lkZ2V0TmFtZT1zcF9tdGY%26psc%3D1
"Lenovo ThinkBook 16 Intel 13th Gen Core i3 16"" (40.64cm) WUXGA 300 Nits Antiglare Thin and Light Laptop (8GB/512GB SSD/Win 11 Home/Office 2021/Arctic Grey/1.7 Kg), 21KHA0J5IN  ","38,990",https://amazon.in//sspa/click?ie=UTF8&spc=MTo1NTQ1OTU5NTA5MDQzMTI3OjE3MjcxODM1OTY6c3BfbXRmOjMwMDE2NjY2NjM3NTczMjo6MDo6&url=%2FLenovo-ThinkBook-16-Antiglare-21KHA0J5IN%2Fdp%2FB0CZ7CBQXP%2Fref%3Dsr_1_60_sspa%3Fcrid%3DPM7POFW3ZNPI%26dib%3DeyJ2IjoiMSJ9.I9OCwdLhIoeXyNL2KgqasNKl_MRpptKwoCGPkIeUwKdSG-H1EJ2f5W4FpuRdM5e3_ayijZLYebMeCbkhefzn3eA1TMnoNJo90n8pTkb7kBPnnw1Fo2SPEuDQ4J6fNu54p9PBhnUtoySuiQEVp8rkUdTlS10xNf9RInmqx64eGq7kBB7QnKvFBp2r-u3njxbJj-VdKa_CkJpJcnjL2pkAlBUCEgzkRMX4yJ-dS6bzXS0.2aya8xtjdumZNrwm5gZO3Ap01Hgi9XLfcPUrsf5rj7U%26dib_tag%3Dse%26keywords%3Dlaptop%26qid%3D1727183596%26sprefix%3Dla%252Caps%252C628%26sr%3D8-60-spons%26sp_csd%3Dd2lkZ2V0TmFtZT1zcF9tdGY%26psc%3D1
"Chuwi CoreBook X i5 14"" Laptop, 16GB RAM 512GB SSD, Windows 11, Intel Core i5-1035G1, WiFi 6, USB3.2, Backlit Keyboard, Webcam, Bluetooth 5.2, HDMI Port, 46.2 Wh, 1.4kg (Gray)  ","24,990",https://amazon.in//Chuwi-CoreBook-i5-1035G1-Keyboard-Bluetooth/dp/B0CNT6LD6W/ref=sr_1_61?crid=PM7POFW3ZNPI&dib=eyJ2IjoiMSJ9.I9OCwdLhIoeXyNL2KgqasNKl_MRpptKwoCGPkIeUwKdSG-H1EJ2f5W4FpuRdM5e3_ayijZLYebMeCbkhefzn3eA1TMnoNJo90n8pTkb7kBPnnw1Fo2SPEuDQ4J6fNu54p9PBhnUtoySuiQEVp8rkUdTlS10xNf9RInmqx64eGq7kBB7QnKvFBp2r-u3njxbJj-VdKa_CkJpJcnjL2pkAlBUCEgzkRMX4yJ-dS6bzXS0.2aya8xtjdumZNrwm5gZO3Ap01Hgi9XLfcPUrsf5rj7U&dib_tag=se&keywords=laptop&qid=1727183596&sprefix=la%2Caps%2C628&sr=8-61
"Lenovo IdeaPad Slim 3 12th Gen Intel Core i5-12450H 14"" (35.5cm) FHD 250 Nits Thin & Light Laptop (16GB/512GB SSD/Intel UHD Graphics/Win 11/MSO 21/1Yr ADP Free/3 mon.Game Pass/Grey/1.37Kg),83EQ005VIN  ","53,890",https://amazon.in//Lenovo-IdeaPad-i5-12450H-35-5cm-83EQ005VIN/dp/B0D6MPVN7B/ref=sr_1_62?crid=PM7POFW3ZNPI&dib=eyJ2IjoiMSJ9.I9OCwdLhIoeXyNL2KgqasNKl_MRpptKwoCGPkIeUwKdSG-H1EJ2f5W4FpuRdM5e3_ayijZLYebMeCbkhefzn3eA1TMnoNJo90n8pTkb7kBPnnw1Fo2SPEuDQ4J6fNu54p9PBhnUtoySuiQEVp8rkUdTlS10xNf9RInmqx64eGq7kBB7QnKvFBp2r-u3njxbJj-VdKa_CkJpJcnjL2pkAlBUCEgzkRMX4yJ-dS6bzXS0.2aya8xtjdumZNrwm5gZO3Ap01Hgi9XLfcPUrsf5rj7U&dib_tag=se&keywords=laptop&qid=1727183596&sprefix=la%2Caps%2C628&sr=8-62
"ASUS TUF Gaming F15, 15.6"" (39.62cm) FHD 144Hz, 13th Gen Intel Core i7-13620H, Gaming Laptop (16GB DDR5/512GB SSD/NVIDIA GeForce RTX 4060 /Windows 11//Mecha Gray/2.20 Kg), FX507VV-LP287W  ","1,05,999",https://amazon.in//ASUS-39-62cm-i7-13620H-GeForce-FX507VV-LP287W/dp/B0D25TQNN7/ref=sr_1_63?crid=PM7POFW3ZNPI&dib=eyJ2IjoiMSJ9.I9OCwdLhIoeXyNL2KgqasNKl_MRpptKwoCGPkIeUwKdSG-H1EJ2f5W4FpuRdM5e3_ayijZLYebMeCbkhefzn3eA1TMnoNJo90n8pTkb7kBPnnw1Fo2SPEuDQ4J6fNu54p9PBhnUtoySuiQEVp8rkUdTlS10xNf9RInmqx64eGq7kBB7QnKvFBp2r-u3njxbJj-VdKa_CkJpJcnjL2pkAlBUCEgzkRMX4yJ-dS6bzXS0.2aya8xtjdumZNrwm5gZO3Ap01Hgi9XLfcPUrsf5rj7U&dib_tag=se&keywords=laptop&qid=1727183596&sprefix=la%2Caps%2C628&sr=8-63
